Time [s],Channel 0,Channel 1,Channel 2,Channel 3,Channel 4,Channel 5,Channel 6,Channel 7,Channel 8,Channel 9,Channel 10,Channel 11
-0.000735000,1,1,0,0,1,0,0,1,0,1,1,1
-0.000422000,1,1,0,0,1,0,0,1,0,1,1,0
-0.000005000,0,0,0,0,0,0,0,0,0,0,0,0
0.000000000,1,0,1,0,1,1,0,1,0,1,1,0
0.000078000,1,0,1,0,1,1,0,1,0,1,1,1
0.000578000,1,0,1,0,1,1,0,1,0,1,1,0
0.000995000,0,0,0,0,0,0,0,0,0,0,0,0
0.001000000,0,0,0,0,1,0,1,1,0,1,1,0
0.001078000,0,0,0,0,1,0,1,1,0,1,1,1
0.001578000,0,0,0,0,1,0,1,1,0,1,1,0
0.001995000,0,0,0,0,0,0,0,0,0,0,0,0
0.002000000,0,1,0,1,0,1,1,1,0,1,1,0
0.002078000,0,1,0,1,0,1,1,1,0,1,1,1
0.002578000,0,1,0,1,0,1,1,1,0,1,1,0
0.002995000,0,0,0,0,0,0,0,0,0,0,0,0
0.003000000,0,1,1,0,0,0,0,0,1,1,1,0
0.003078000,0,1,1,0,0,0,0,0,1,1,1,1
0.003578000,0,1,1,0,0,0,0,0,1,1,1,0
0.003995000,0,0,0,0,0,0,0,0,0,0,0,0
0.004000000,0,0,0,0,0,1,0,0,1,1,1,0
0.004078000,0,0,0,0,0,1,0,0,1,1,1,1
0.004578000,0,0,0,0,0,1,0,0,1,1,1,0
0.004995000,0,0,0,0,0,0,0,0,0,0,0,0
0.005000000,1,0,0,1,1,1,0,0,1,1,1,0
0.005078000,1,0,0,1,1,1,0,0,1,1,1,1
0.005578000,1,0,0,1,1,1,0,0,1,1,1,0
0.005995000,0,0,0,0,0,0,0,0,0,0,0,0
0.006000000,1,0,0,0,1,0,1,0,1,1,1,0
0.006078000,1,0,0,0,1,0,1,0,1,1,1,1
0.006578000,1,0,0,0,1,0,1,0,1,1,1,0
0.006995000,0,0,0,0,0,0,0,0,0,0,0,0
0.007000000,0,1,1,0,0,1,1,0,1,1,1,0
0.007078000,0,1,1,0,0,1,1,0,1,1,1,1
0.007578000,0,1,1,0,0,1,1,0,1,1,1,0
0.007995000,0,0,0,0,0,0,0,0,0,0,0,0
0.008000000,0,0,1,1,1,1,1,0,1,1,1,0
0.008078000,0,0,1,1,1,1,1,0,1,1,1,1
0.008578000,0,0,1,1,1,1,1,0,1,1,1,0
0.008995000,0,0,0,0,0,0,0,0,0,0,0,0
0.009000000,1,0,1,1,0,0,0,1,1,1,1,0
0.009078000,1,0,1,1,0,0,0,1,1,1,1,1
0.009578000,1,0,1,1,0,0,0,1,1,1,1,0
0.009995000,0,0,0,0,0,0,0,0,0,0,0,0
0.010000000,0,1,0,0,0,1,0,1,1,1,1,0
0.010078000,0,1,0,0,0,1,0,1,1,1,1,1
0.010578000,0,1,0,0,0,1,0,1,1,1,1,0
0.010995000,0,0,0,0,0,0,0,0,0,0,0,0
0.011000000,0,1,0,0,1,1,0,1,1,1,1,0
0.011078000,0,1,0,0,1,1,0,1,1,1,1,1
0.011578000,0,1,0,0,1,1,0,1,1,1,1,0
0.011995000,0,0,0,0,0,0,0,0,0,0,0,0
0.012000000,0,1,0,0,0,0,1,1,1,1,1,0
0.012078000,0,1,0,0,0,0,1,1,1,1,1,1
0.012578000,0,1,0,0,0,0,1,1,1,1,1,0
0.012995000,0,0,0,0,0,0,0,0,0,0,0,0
0.013000000,1,0,0,0,1,0,1,1,1,1,1,0
0.013078000,1,0,0,0,1,0,1,1,1,1,1,1
0.013578000,1,0,0,0,1,0,1,1,1,1,1,0
0.013995000,0,0,0,0,0,0,0,0,0,0,0,0
0.014000000,1,1,0,1,1,0,1,1,1,1,1,0
0.014078000,1,1,0,1,1,0,1,1,1,1,1,1
0.014578000,1,1,0,1,1,0,1,1,1,1,1,0
0.014995000,0,0,0,0,0,0,0,0,0,0,0,0
0.015000000,1,0,1,0,0,1,1,1,1,1,1,0
0.015078000,1,0,1,0,0,1,1,1,1,1,1,1
0.015578000,1,0,1,0,0,1,1,1,1,1,1,0
0.015995000,0,0,0,0,0,0,0,0,0,0,0,0
0.016000000,1,0,1,1,0,1,1,1,1,1,1,0
0.016078000,1,0,1,1,0,1,1,1,1,1,1,1
0.016578000,1,0,1,1,0,1,1,1,1,1,1,0
0.016995000,0,0,0,0,0,0,0,0,0,0,0,0
0.017000000,1,0,1,0,1,1,1,1,1,1,1,0
0.017078000,1,0,1,0,1,1,1,1,1,1,1,1
0.017578000,1,0,1,0,1,1,1,1,1,1,1,0
0.017995000,0,0,0,0,0,0,0,0,0,0,0,0
0.018000000,1,1,1,0,1,1,1,1,1,1,1,0
0.018078000,1,1,1,0,1,1,1,1,1,1,1,1
0.018578000,1,1,1,0,1,1,1,1,1,1,1,0
0.018995000,0,0,0,0,0,0,0,0,0,0,0,0
0.019000000,0,1,0,1,1,1,1,1,1,1,1,0
0.019078000,0,1,0,1,1,1,1,1,1,1,1,1
0.019578000,0,1,0,1,1,1,1,1,1,1,1,0
0.019995000,0,0,0,0,0,0,0,0,0,0,0,0
0.020000000,0,1,0,1,1,1,1,1,1,1,1,0
0.020078000,0,1,0,1,1,1,1,1,1,1,1,1
0.020578000,0,1,0,1,1,1,1,1,1,1,1,0
0.020995000,0,0,0,0,0,0,0,0,0,0,0,0
0.021000000,0,1,0,1,1,1,1,1,1,1,1,0
0.021078000,0,1,0,1,1,1,1,1,1,1,1,1
0.021578000,0,1,0,1,1,1,1,1,1,1,1,0
0.021995000,0,0,0,0,0,0,0,0,0,0,0,0
0.022000000,0,1,1,0,1,1,1,1,1,1,1,0
0.022078000,0,1,1,0,1,1,1,1,1,1,1,1
0.022578000,0,1,1,0,1,1,1,1,1,1,1,0
0.022995000,0,0,0,0,0,0,0,0,0,0,0,0
0.023000000,1,1,1,1,0,1,1,1,1,1,1,0
0.023078000,1,1,1,1,0,1,1,1,1,1,1,1
0.023578000,1,1,1,1,0,1,1,1,1,1,1,0
0.023995000,0,0,0,0,0,0,0,0,0,0,0,0
0.024000000,1,0,0,1,0,1,1,1,1,1,1,0
0.024078000,1,0,0,1,0,1,1,1,1,1,1,1
0.024578000,1,0,0,1,0,1,1,1,1,1,1,0
0.024995000,0,0,0,0,0,0,0,0,0,0,0,0
0.025000000,0,1,0,0,0,1,1,1,1,1,1,0
0.025078000,0,1,0,0,0,1,1,1,1,1,1,1
0.025578000,0,1,0,0,0,1,1,1,1,1,1,0
0.025995000,0,0,0,0,0,0,0,0,0,0,0,0
0.026000000,1,0,1,0,1,0,1,1,1,1,1,0
0.026078000,1,0,1,0,1,0,1,1,1,1,1,1
0.026578000,1,0,1,0,1,0,1,1,1,1,1,0
0.026995000,0,0,0,0,0,0,0,0,0,0,0,0
0.027000000,1,0,0,1,0,0,1,1,1,1,1,0
0.027078000,1,0,0,1,0,0,1,1,1,1,1,1
0.027578000,1,0,0,1,0,0,1,1,1,1,1,0
0.027995000,0,0,0,0,0,0,0,0,0,0,0,0
0.028000000,1,0,0,1,1,1,0,1,1,1,1,0
0.028078000,1,0,0,1,1,1,0,1,1,1,1,1
0.028578000,1,0,0,1,1,1,0,1,1,1,1,0
0.028995000,0,0,0,0,0,0,0,0,0,0,0,0
0.029000000,0,1,0,1,0,1,0,1,1,1,1,0
0.029078000,0,1,0,1,0,1,0,1,1,1,1,1
0.029578000,0,1,0,1,0,1,0,1,1,1,1,0
0.029995000,0,0,0,0,0,0,0,0,0,0,0,0
0.030000000,1,0,0,1,1,0,0,1,1,1,1,0
0.030078000,1,0,0,1,1,0,0,1,1,1,1,1
0.030578000,1,0,0,1,1,0,0,1,1,1,1,0
0.030995000,0,0,0,0,0,0,0,0,0,0,0,0
0.031000000,1,0,1,0,0,0,0,1,1,1,1,0
0.031078000,1,0,1,0,0,0,0,1,1,1,1,1
0.031578000,1,0,1,0,0,0,0,1,1,1,1,0
0.031995000,0,0,0,0,0,0,0,0,0,0,0,0
0.032000000,1,0,0,0,1,1,1,0,1,1,1,0
0.032078000,1,0,0,0,1,1,1,0,1,1,1,1
0.032578000,1,0,0,0,1,1,1,0,1,1,1,0
0.032995000,0,0,0,0,0,0,0,0,0,0,0,0
0.033000000,0,1,0,1,1,0,1,0,1,1,1,0
0.033078000,0,1,0,1,1,0,1,0,1,1,1,1
0.033578000,0,1,0,1,1,0,1,0,1,1,1,0
0.033995000,0,0,0,0,0,0,0,0,0,0,0,0
0.034000000,0,0,1,0,0,0,1,0,1,1,1,0
0.034078000,0,0,1,0,0,0,1,0,1,1,1,1
0.034578000,0,0,1,0,0,0,1,0,1,1,1,0
0.034995000,0,0,0,0,0,0,0,0,0,0,0,0
0.035000000,0,0,1,1,0,1,0,0,1,1,1,0
0.035078000,0,0,1,1,0,1,0,0,1,1,1,1
0.035578000,0,0,1,1,0,1,0,0,1,1,1,0
0.035995000,0,0,0,0,0,0,0,0,0,0,0,0
0.035999000,0,0,0,0,0,0,0,0,1,1,0,0
0.036000000,1,0,0,0,1,0,0,0,1,1,1,0
0.036078000,1,0,0,0,1,0,0,0,1,1,1,1
0.036578000,1,0,0,0,1,0,0,0,1,1,1,0
0.036995000,0,0,0,0,0,0,0,0,0,0,0,0
0.037000000,1,1,1,0,1,1,1,1,0,1,1,0
0.037078000,1,1,1,0,1,1,1,1,0,1,1,1
0.037578000,1,1,1,0,1,1,1,1,0,1,1,0
0.037995000,0,0,0,0,0,0,0,0,0,0,0,0
0.037999000,0,0,0,0,0,0,1,1,0,1,0,0
0.038000000,1,0,1,1,1,0,1,1,0,1,1,0
0.038078000,1,0,1,1,1,0,1,1,0,1,1,1
0.038578000,1,0,1,1,1,0,1,1,0,1,1,0
0.038995000,0,0,0,0,0,0,0,0,0,0,0,0
0.038999000,0,0,0,0,1,1,0,1,0,1,0,0
0.039000000,1,1,1,1,1,1,0,1,0,1,1,0
0.039078000,1,1,1,1,1,1,0,1,0,1,1,1
0.039578000,1,1,1,1,1,1,0,1,0,1,1,0
0.039995000,0,0,0,0,0,0,0,0,0,0,0,0
0.039999000,0,0,1,0,0,1,0,1,0,1,1,0
0.040078000,0,0,1,0,0,1,0,1,0,1,1,1
0.040578000,0,0,1,0,0,1,0,1,0,1,1,0
0.040995000,0,0,0,0,0,0,0,0,0,0,0,0
0.040999000,1,0,1,0,0,0,0,1,0,1,1,0
0.041078000,1,0,1,0,0,0,0,1,0,1,1,1
0.041578000,1,0,1,0,0,0,0,1,0,1,1,0
0.041995000,0,0,0,0,0,0,0,0,0,0,0,0
0.041999000,0,0,0,1,0,1,1,0,0,1,1,0
0.042078000,0,0,0,1,0,1,1,0,0,1,1,1
0.042578000,0,0,0,1,0,1,1,0,0,1,1,0
0.042995000,0,0,0,0,0,0,0,0,0,0,0,0
0.042999000,1,0,0,1,0,0,1,0,0,1,1,0
0.043078000,1,0,0,1,0,0,1,0,0,1,1,1
0.043578000,1,0,0,1,0,0,1,0,0,1,1,0
0.043995000,0,0,0,0,0,0,0,0,0,0,0,0
0.043999000,1,1,0,1,0,1,0,0,0,1,1,0
0.044078000,1,1,0,1,0,1,0,0,0,1,1,1
0.044578000,1,1,0,1,0,1,0,0,0,1,1,0
0.044995000,0,0,0,0,0,0,0,0,0,0,0,0
0.044999000,1,0,1,1,0,0,0,0,0,1,1,0
0.045078000,1,0,1,1,0,0,0,0,0,1,1,1
0.045578000,1,0,1,1,0,0,0,0,0,1,1,0
0.045995000,0,0,0,0,0,0,0,0,0,0,0,0
0.045999000,1,0,1,1,0,1,1,1,1,0,1,0
0.046078000,1,0,1,1,0,1,1,1,1,0,1,1
0.046578000,1,0,1,1,0,1,1,1,1,0,1,0
0.046995000,0,0,0,0,0,0,0,0,0,0,0,0
0.046999000,1,0,0,0,1,0,1,1,1,0,1,0
0.047078000,1,0,0,0,1,0,1,1,1,0,1,1
0.047578000,1,0,0,0,1,0,1,1,1,0,1,0
0.047995000,0,0,0,0,0,0,0,0,0,0,0,0
0.047999000,0,1,0,0,1,1,0,1,1,0,1,0
0.048078000,0,1,0,0,1,1,0,1,1,0,1,1
0.048578000,0,1,0,0,1,1,0,1,1,0,1,0
0.048995000,0,0,0,0,0,0,0,0,0,0,0,0
0.048999000,0,0,1,0,1,0,0,1,1,0,1,0
0.049078000,0,0,1,0,1,0,0,1,1,0,1,1
0.049578000,0,0,1,0,1,0,0,1,1,0,1,0
0.049995000,0,0,0,0,0,0,0,0,0,0,0,0
0.049999000,1,0,1,0,1,1,1,0,1,0,1,0
0.050078000,1,0,1,0,1,1,1,0,1,0,1,1
0.050578000,1,0,1,0,1,1,1,0,1,0,1,0
0.050994000,1,0,1,0,1,1,1,0,1,0,0,0
0.050995000,0,0,0,0,0,0,0,0,0,0,0,0
0.050999000,1,0,0,1,1,0,1,0,1,0,1,0
0.051078000,1,0,0,1,1,0,1,0,1,0,1,1
0.051578000,1,0,0,1,1,0,1,0,1,0,1,0
0.051994000,1,0,0,1,1,0,1,0,1,0,0,0
0.051995000,0,0,0,0,0,0,0,0,0,0,0,0
0.051999000,1,0,1,1,1,1,0,0,1,0,1,0
0.052078000,1,0,1,1,1,1,0,0,1,0,1,1
0.052578000,1,0,1,1,1,1,0,0,1,0,1,0
0.052994000,1,0,1,1,1,1,0,0,1,0,0,0
0.052995000,0,0,0,0,0,0,0,0,0,0,0,0
0.052999000,0,0,1,0,0,1,0,0,1,0,1,0
0.053078000,0,0,1,0,0,1,0,0,1,0,1,1
0.053578000,0,0,1,0,0,1,0,0,1,0,1,0
0.053994000,0,0,1,0,0,1,0,0,1,0,0,0
0.053995000,0,0,0,0,0,0,0,0,0,0,0,0
0.053999000,0,0,0,1,0,0,0,0,1,0,1,0
0.054078000,0,0,0,1,0,0,0,0,1,0,1,1
0.054578000,0,0,0,1,0,0,0,0,1,0,1,0
0.054994000,0,0,0,0,0,0,0,0,1,0,0,0
0.054995000,0,0,0,0,0,0,0,0,0,0,0,0
0.054999000,1,1,1,1,0,1,1,1,0,0,1,0
0.055078000,1,1,1,1,0,1,1,1,0,0,1,1
0.055578000,1,1,1,1,0,1,1,1,0,0,1,0
0.055994000,0,0,0,0,0,0,0,0,0,0,0,0
0.055999000,0,1,1,0,1,0,1,1,0,0,1,0
0.056078000,0,1,1,0,1,0,1,1,0,0,1,1
0.056578000,0,1,1,0,1,0,1,1,0,0,1,0
0.056994000,0,0,0,0,0,0,0,0,0,0,0,0
0.056999000,0,0,0,1,1,1,0,1,0,0,0,0
0.057000000,0,1,1,1,1,1,0,1,0,0,1,0
0.057078000,0,1,1,1,1,1,0,1,0,0,1,1
0.057578000,0,1,1,1,1,1,0,1,0,0,1,0
0.057994000,0,0,0,0,0,0,0,0,0,0,0,0
0.058000000,1,1,0,1,0,1,0,1,0,0,1,0
0.058078000,1,1,0,1,0,1,0,1,0,0,1,1
0.058578000,1,1,0,1,0,1,0,1,0,0,1,0
0.058994000,0,0,0,0,0,0,0,0,0,0,0,0
0.059000000,1,1,1,0,1,0,0,1,0,0,1,0
0.059078000,1,1,1,0,1,0,0,1,0,0,1,1
0.059578000,1,1,1,0,1,0,0,1,0,0,1,0
0.059994000,0,0,0,0,0,0,0,0,0,0,0,0
0.060000000,0,0,1,0,0,0,0,1,0,0,1,0
0.060078000,0,0,1,0,0,0,0,1,0,0,1,1
0.060578000,0,0,1,0,0,0,0,1,0,0,1,0
0.060994000,0,0,0,0,0,0,0,0,0,0,0,0
0.061000000,0,0,1,0,1,1,1,0,0,0,1,0
0.061078000,0,0,1,0,1,1,1,0,0,0,1,1
0.061578000,0,0,1,0,1,1,1,0,0,0,1,0
0.061994000,0,0,0,0,0,0,0,0,0,0,0,0
0.062000000,1,0,1,0,0,1,1,0,0,0,1,0
0.062078000,1,0,1,0,0,1,1,0,0,0,1,1
0.062578000,1,0,1,0,0,1,1,0,0,0,1,0
0.062994000,0,0,0,0,0,0,0,0,0,0,0,0
0.063000000,0,1,1,0,1,0,1,0,0,0,1,0
0.063078000,0,1,1,0,1,0,1,0,0,0,1,1
0.063578000,0,1,1,0,1,0,1,0,0,0,1,0
0.063994000,0,0,0,0,0,0,0,0,0,0,0,0
0.064000000,0,0,0,1,0,0,1,0,0,0,1,0
0.064078000,0,0,0,1,0,0,1,0,0,0,1,1
0.064578000,0,0,0,1,0,0,1,0,0,0,1,0
0.064994000,0,0,0,0,0,0,0,0,0,0,0,0
0.065000000,0,0,0,0,0,0,1,0,0,0,1,0
0.065078000,0,0,0,0,0,0,1,0,0,0,1,1
0.065578000,0,0,0,0,0,0,1,0,0,0,1,0
0.065994000,0,0,0,0,0,0,0,0,0,0,0,0
0.066000000,1,1,1,0,1,1,0,0,0,0,1,0
0.066078000,1,1,1,0,1,1,0,0,0,0,1,1
0.066578000,1,1,1,0,1,1,0,0,0,0,1,0
0.066994000,0,0,0,0,0,0,0,0,0,0,0,0
0.067000000,1,0,0,0,1,1,0,0,0,0,1,0
0.067078000,1,0,0,0,1,1,0,0,0,0,1,1
0.067578000,1,0,0,0,1,1,0,0,0,0,1,0
0.067994000,0,0,0,0,0,0,0,0,0,0,0,0
0.068000000,1,0,1,1,0,1,0,0,0,0,1,0
0.068078000,1,0,1,1,0,1,0,0,0,0,1,1
0.068578000,1,0,1,1,0,1,0,0,0,0,1,0
0.068994000,0,0,0,0,0,0,0,0,0,0,0,0
0.069000000,0,1,0,1,0,1,0,0,0,0,1,0
0.069078000,0,1,0,1,0,1,0,0,0,0,1,1
0.069578000,0,1,0,1,0,1,0,0,0,0,1,0
0.069994000,0,0,0,0,0,0,0,0,0,0,0,0
0.070000000,1,0,0,1,0,1,0,0,0,0,1,0
0.070078000,1,0,0,1,0,1,0,0,0,0,1,1
0.070578000,1,0,0,1,0,1,0,0,0,0,1,0
0.070994000,0,0,0,0,0,0,0,0,0,0,0,0
0.071000000,1,1,0,1,0,1,0,0,0,0,1,0
0.071078000,1,1,0,1,0,1,0,0,0,0,1,1
0.071578000,1,1,0,1,0,1,0,0,0,0,1,0
0.071994000,0,0,0,0,0,0,0,0,0,0,0,0
0.072000000,1,0,1,1,0,1,0,0,0,0,1,0
0.072078000,1,0,1,1,0,1,0,0,0,0,1,1
0.072578000,1,0,1,1,0,1,0,0,0,0,1,0
0.072994000,0,0,0,0,0,0,0,0,0,0,0,0
0.073000000,0,1,0,0,1,1,0,0,0,0,1,0
0.073078000,0,1,0,0,1,1,0,0,0,0,1,1
0.073578000,0,1,0,0,1,1,0,0,0,0,1,0
0.073994000,0,0,0,0,0,0,0,0,0,0,0,0
0.074000000,1,0,0,1,1,1,0,0,0,0,1,0
0.074078000,1,0,0,1,1,1,0,0,0,0,1,1
0.074578000,1,0,0,1,1,1,0,0,0,0,1,0
0.074994000,0,0,0,0,0,0,0,0,0,0,0,0
0.075000000,0,0,0,0,0,0,1,0,0,0,1,0
0.075078000,0,0,0,0,0,0,1,0,0,0,1,1
0.075578000,0,0,0,0,0,0,1,0,0,0,1,0
0.075994000,0,0,0,0,0,0,0,0,0,0,0,0
0.076000000,1,1,0,1,0,0,1,0,0,0,1,0
0.076078000,1,1,0,1,0,0,1,0,0,0,1,1
0.076578000,1,1,0,1,0,0,1,0,0,0,1,0
0.076994000,0,0,0,0,0,0,0,0,0,0,0,0
0.077000000,0,1,1,0,1,0,1,0,0,0,1,0
0.077078000,0,1,1,0,1,0,1,0,0,0,1,1
0.077578000,0,1,1,0,1,0,1,0,0,0,1,0
0.077994000,0,0,0,0,0,0,0,0,0,0,0,0
0.078000000,0,1,1,0,0,1,1,0,0,0,1,0
0.078078000,0,1,1,0,0,1,1,0,0,0,1,1
0.078578000,0,1,1,0,0,1,1,0,0,0,1,0
0.078994000,0,0,0,0,0,0,0,0,0,0,0,0
0.079000000,0,0,1,0,1,1,1,0,0,0,1,0
0.079078000,0,0,1,0,1,1,1,0,0,0,1,1
0.079578000,0,0,1,0,1,1,1,0,0,0,1,0
0.079994000,0,0,0,0,0,0,0,0,0,0,0,0
0.079999000,0,1,1,0,0,0,0,1,0,0,1,0
0.080078000,0,1,1,0,0,0,0,1,0,0,1,1
0.080578000,0,1,1,0,0,0,0,1,0,0,1,0
0.080994000,0,0,0,0,0,0,0,0,0,0,0,0
0.080999000,1,0,0,1,1,0,0,1,0,0,1,0
0.081078000,1,0,0,1,1,0,0,1,0,0,1,1
0.081578000,1,0,0,1,1,0,0,1,0,0,1,0
0.081994000,0,0,0,0,0,0,0,0,0,0,0,0
0.081999000,1,0,1,1,0,1,0,1,0,0,1,0
0.082078000,1,0,1,1,0,1,0,1,0,0,1,1
0.082578000,1,0,1,1,0,1,0,1,0,0,1,0
0.082994000,0,0,0,0,0,0,0,0,0,0,0,0
0.082999000,0,1,0,0,0,0,1,1,0,0,1,0
0.083078000,0,1,0,0,0,0,1,1,0,0,1,1
0.083578000,0,1,0,0,0,0,1,1,0,0,1,0
0.083994000,0,0,0,0,0,0,0,0,0,0,0,0
0.083999000,0,1,0,1,1,0,1,1,0,0,1,0
0.084078000,0,1,0,1,1,0,1,1,0,0,1,1
0.084578000,0,1,0,1,1,0,1,1,0,0,1,0
0.084994000,0,0,0,0,0,0,0,0,0,0,0,0
0.084999000,0,1,0,0,1,1,1,1,0,0,1,0
0.085078000,0,1,0,0,1,1,1,1,0,0,1,1
0.085578000,0,1,0,0,1,1,1,1,0,0,1,0
0.085994000,0,0,0,0,0,0,0,0,0,0,0,0
0.085999000,0,1,0,1,0,0,0,0,1,0,1,0
0.086078000,0,1,0,1,0,0,0,0,1,0,1,1
0.086578000,0,1,0,1,0,0,0,0,1,0,1,0
0.086994000,0,0,0,0,0,0,0,0,0,0,0,0
0.086999000,0,1,1,0,0,1,0,0,1,0,1,0
0.087078000,0,1,1,0,0,1,0,0,1,0,1,1
0.087578000,0,1,1,0,0,1,0,0,1,0,1,0
0.087994000,0,0,0,0,0,0,0,0,0,0,0,0
0.087999000,0,0,0,0,0,0,1,0,1,0,1,0
0.088078000,0,0,0,0,0,0,1,0,1,0,1,1
0.088578000,0,0,0,0,0,0,1,0,1,0,1,0
0.088994000,0,0,0,0,0,0,0,0,0,0,0,0
0.088999000,0,1,1,1,1,0,1,0,1,0,1,0
0.089078000,0,1,1,1,1,0,1,0,1,0,1,1
0.089578000,0,1,1,1,1,0,1,0,1,0,1,0
0.089994000,0,0,0,0,0,0,0,0,0,0,0,0
0.089999000,0,1,0,1,1,1,1,0,1,0,1,0
0.090078000,0,1,0,1,1,1,1,0,1,0,1,1
0.090578000,0,1,0,1,1,1,1,0,1,0,1,0
0.090994000,0,0,0,0,0,0,0,0,0,0,0,0
0.090999000,1,1,1,0,1,0,0,1,1,0,1,0
0.091078000,1,1,1,0,1,0,0,1,1,0,1,1
0.091578000,1,1,1,0,1,0,0,1,1,0,1,0
0.091994000,0,0,0,0,0,0,0,0,0,0,0,0
0.091999000,1,0,1,0,1,1,0,1,1,0,1,0
0.092078000,1,0,1,0,1,1,0,1,1,0,1,1
0.092578000,1,0,1,0,1,1,0,1,1,0,1,0
0.092994000,0,0,0,0,0,0,0,0,0,0,0,0
0.092999000,0,0,1,0,1,0,1,1,1,0,1,0
0.093078000,0,0,1,0,1,0,1,1,1,0,1,1
0.093578000,0,0,1,0,1,0,1,1,1,0,1,0
0.093994000,0,0,0,0,0,0,0,0,0,0,0,0
0.093999000,0,1,0,0,1,1,1,1,1,0,1,0
0.094078000,0,1,0,0,1,1,1,1,1,0,1,1
0.094578000,0,1,0,0,1,1,1,1,1,0,1,0
0.094994000,0,0,0,0,0,0,0,0,0,0,0,0
0.094999000,1,0,0,0,1,0,0,0,0,1,1,0
0.095078000,1,0,0,0,1,0,0,0,0,1,1,1
0.095578000,1,0,0,0,1,0,0,0,0,1,1,0
0.095994000,0,0,0,0,0,0,0,0,0,0,0,0
0.095999000,0,1,1,1,0,1,0,0,0,1,1,0
0.096078000,0,1,1,1,0,1,0,0,0,1,1,1
0.096578000,0,1,1,1,0,1,0,0,0,1,1,0
0.096994000,0,0,0,0,0,0,0,0,0,0,0,0
0.096999000,1,0,1,1,0,0,1,0,0,1,1,0
0.097077000,1,0,1,1,0,0,1,0,0,1,1,1
0.097577000,1,0,1,1,0,0,1,0,0,1,1,0
0.097994000,0,0,0,0,0,0,0,0,0,0,0,0
0.097999000,1,0,1,1,0,1,1,0,0,1,1,0
0.098077000,1,0,1,1,0,1,1,0,0,1,1,1
0.098577000,1,0,1,1,0,1,1,0,0,1,1,0
0.098994000,0,0,0,0,0,0,0,0,0,0,0,0
0.098999000,1,1,0,1,0,0,0,1,0,1,1,0
0.099077000,1,1,0,1,0,0,0,1,0,1,1,1
0.099577000,1,1,0,1,0,0,0,1,0,1,1,0
0.099994000,0,0,0,0,0,0,0,0,0,0,0,0
0.099999000,0,1,1,0,0,1,0,1,0,1,1,0
0.100077000,0,1,1,0,0,1,0,1,0,1,1,1
0.100577000,0,1,1,0,0,1,0,1,0,1,1,0
0.100994000,0,0,0,0,0,0,0,0,0,0,0,0
0.100999000,0,0,1,0,0,0,1,1,0,1,1,0
0.101077000,0,0,1,0,0,0,1,1,0,1,1,1
0.101577000,0,0,1,0,0,0,1,1,0,1,1,0
0.101994000,0,0,0,0,0,0,0,0,0,0,0,0
0.101999000,1,1,1,1,1,0,1,1,0,1,1,0
0.102077000,1,1,1,1,1,0,1,1,0,1,1,1
0.102577000,1,1,1,1,1,0,1,1,0,1,1,0
0.102994000,0,0,0,0,0,0,0,0,0,0,0,0
0.102999000,1,0,1,1,1,1,1,1,0,1,1,0
0.103077000,1,0,1,1,1,1,1,1,0,1,1,1
0.103577000,1,0,1,1,1,1,1,1,0,1,1,0
0.103994000,0,0,0,0,0,0,0,0,0,0,0,0
0.103999000,0,1,1,0,1,0,0,0,1,1,1,0
0.104077000,0,1,1,0,1,0,0,0,1,1,1,1
0.104577000,0,1,1,0,1,0,0,0,1,1,1,0
0.104994000,0,0,0,0,0,0,0,0,0,0,0,0
0.104999000,0,1,1,1,0,1,0,0,1,1,1,0
0.105077000,0,1,1,1,0,1,0,0,1,1,1,1
0.105577000,0,1,1,1,0,1,0,0,1,1,1,0
0.105994000,0,0,0,0,0,0,0,0,0,0,0,0
0.105999000,0,1,1,0,0,0,1,0,1,1,1,0
0.106077000,0,1,1,0,0,0,1,0,1,1,1,1
0.106577000,0,1,1,0,0,0,1,0,1,1,1,0
0.106994000,0,0,0,0,0,0,0,0,0,0,0,0
0.106999000,1,0,1,1,1,0,1,0,1,1,1,0
0.107077000,1,0,1,1,1,0,1,0,1,1,1,1
0.107577000,1,0,1,1,1,0,1,0,1,1,1,0
0.107994000,0,0,0,0,0,0,0,0,0,0,0,0
0.107999000,0,0,1,0,1,1,1,0,1,1,1,0
0.108077000,0,0,1,0,1,1,1,0,1,1,1,1
0.108577000,0,0,1,0,1,1,1,0,1,1,1,0
0.108994000,0,0,0,0,0,0,0,0,0,0,0,0
0.108999000,0,0,0,1,0,0,0,1,1,1,1,0
0.109077000,0,0,0,1,0,0,0,1,1,1,1,1
0.109577000,0,0,0,1,0,0,0,1,1,1,1,0
0.109994000,0,0,0,0,0,0,0,0,0,0,0,0
0.109999000,0,1,0,1,1,0,0,1,1,1,1,0
0.110077000,0,1,0,1,1,0,0,1,1,1,1,1
0.110577000,0,1,0,1,1,0,0,1,1,1,1,0
0.110994000,0,0,0,0,0,0,0,0,0,0,0,0
0.110999000,0,1,0,1,0,1,0,1,1,1,1,0
0.111077000,0,1,0,1,0,1,0,1,1,1,1,1
0.111577000,0,1,0,1,0,1,0,1,1,1,1,0
0.111994000,0,0,0,0,0,0,0,0,0,0,0,0
0.111999000,0,1,0,1,1,1,0,1,1,1,1,0
0.112077000,0,1,0,1,1,1,0,1,1,1,1,1
0.112577000,0,1,0,1,1,1,0,1,1,1,1,0
0.112994000,0,0,0,0,0,0,0,0,0,0,0,0
0.112999000,1,0,0,1,0,0,1,1,1,1,1,0
0.113077000,1,0,0,1,0,0,1,1,1,1,1,1
0.113577000,1,0,0,1,0,0,1,1,1,1,1,0
0.113994000,0,0,0,0,0,0,0,0,0,0,0,0
0.113999000,0,1,1,0,1,0,1,1,1,1,1,0
0.114077000,0,1,1,0,1,0,1,1,1,1,1,1
0.114577000,0,1,1,0,1,0,1,1,1,1,1,0
0.114994000,0,0,0,0,0,0,0,0,0,0,0,0
0.114999000,0,1,0,0,0,1,1,1,1,1,1,0
0.115077000,0,1,0,0,0,1,1,1,1,1,1,1
0.115577000,0,1,0,0,0,1,1,1,1,1,1,0
0.115994000,0,0,0,0,0,0,0,0,0,0,0,0
0.115999000,0,1,0,1,0,1,1,1,1,1,1,0
0.116077000,0,1,0,1,0,1,1,1,1,1,1,1
0.116577000,0,1,0,1,0,1,1,1,1,1,1,0
0.116994000,0,0,0,0,0,0,0,0,0,0,0,0
0.116999000,1,0,0,0,1,1,1,1,1,1,1,0
0.117077000,1,0,0,0,1,1,1,1,1,1,1,1
0.117577000,1,0,0,0,1,1,1,1,1,1,1,0
0.117994000,0,0,0,0,0,0,0,0,0,0,0,0
0.117999000,1,0,1,0,1,1,1,1,1,1,1,0
0.118077000,1,0,1,0,1,1,1,1,1,1,1,1
0.118577000,1,0,1,0,1,1,1,1,1,1,1,0
0.118994000,0,0,0,0,0,0,0,0,0,0,0,0
0.118999000,1,0,0,1,1,1,1,1,1,1,1,0
0.119077000,1,0,0,1,1,1,1,1,1,1,1,1
0.119577000,1,0,0,1,1,1,1,1,1,1,1,0
0.119994000,0,0,0,0,0,0,0,0,0,0,0,0
0.119999000,0,1,0,1,1,1,1,1,1,1,1,0
0.120077000,0,1,0,1,1,1,1,1,1,1,1,1
0.120577000,0,1,0,1,1,1,1,1,1,1,1,0
0.120994000,0,0,0,0,0,0,0,0,0,0,0,0
0.120999000,1,1,0,1,1,1,1,1,1,1,1,0
0.121077000,1,1,0,1,1,1,1,1,1,1,1,1
0.121577000,1,1,0,1,1,1,1,1,1,1,1,0
0.121994000,0,0,0,0,0,0,0,0,0,0,0,0
0.121999000,0,1,1,0,1,1,1,1,1,1,1,0
0.122077000,0,1,1,0,1,1,1,1,1,1,1,1
0.122577000,0,1,1,0,1,1,1,1,1,1,1,0
0.122994000,0,0,0,0,0,0,0,0,0,0,0,0
0.122999000,0,1,0,0,1,1,1,1,1,1,1,0
0.123077000,0,1,0,0,1,1,1,1,1,1,1,1
0.123577000,0,1,0,0,1,1,1,1,1,1,1,0
0.123994000,0,0,0,0,0,0,0,0,0,0,0,0
0.123999000,1,0,1,1,0,1,1,1,1,1,1,0
0.124077000,1,0,1,1,0,1,1,1,1,1,1,1
0.124577000,1,0,1,1,0,1,1,1,1,1,1,0
0.124994000,0,0,0,0,0,0,0,0,0,0,0,0
0.124999000,0,0,1,0,0,1,1,1,1,1,1,0
0.125077000,0,0,1,0,0,1,1,1,1,1,1,1
0.125577000,0,0,1,0,0,1,1,1,1,1,1,0
0.125994000,0,0,0,0,0,0,0,0,0,0,0,0
0.125999000,1,0,0,1,1,0,1,1,1,1,1,0
0.126077000,1,0,0,1,1,0,1,1,1,1,1,1
0.126577000,1,0,0,1,1,0,1,1,1,1,1,0
0.126994000,0,0,0,0,0,0,0,0,0,0,0,0
0.126999000,1,0,1,1,0,0,1,1,1,1,1,0
0.127077000,1,0,1,1,0,0,1,1,1,1,1,1
0.127577000,1,0,1,1,0,0,1,1,1,1,1,0
0.127994000,0,0,0,0,0,0,0,0,0,0,0,0
0.127999000,1,0,1,1,1,1,0,1,1,1,1,0
0.128077000,1,0,1,1,1,1,0,1,1,1,1,1
0.128577000,1,0,1,1,1,1,0,1,1,1,1,0
0.128994000,0,0,0,0,0,0,0,0,0,0,0,0
0.128999000,0,1,1,1,0,1,0,1,1,1,1,0
0.129077000,0,1,1,1,0,1,0,1,1,1,1,1
0.129577000,0,1,1,1,0,1,0,1,1,1,1,0
0.129994000,0,0,0,0,0,0,0,0,0,0,0,0
0.129999000,0,1,1,1,1,0,0,1,1,1,1,0
0.130077000,0,1,1,1,1,0,0,1,1,1,1,1
0.130577000,0,1,1,1,1,0,0,1,1,1,1,0
0.130994000,0,0,0,0,0,0,0,0,0,0,0,0
0.130999000,0,1,0,1,0,0,0,1,1,1,1,0
0.131077000,0,1,0,1,0,0,0,1,1,1,1,1
0.131577000,0,1,0,1,0,0,0,1,1,1,1,0
0.131994000,0,0,0,0,0,0,0,0,0,0,0,0
0.131999000,1,1,1,0,1,1,1,0,1,1,1,0
0.132077000,1,1,1,0,1,1,1,0,1,1,1,1
0.132577000,1,1,1,0,1,1,1,0,1,1,1,0
0.132994000,0,0,0,0,0,0,0,0,0,0,0,0
0.132999000,1,0,1,0,0,1,1,0,1,1,1,0
0.133077000,1,0,1,0,0,1,1,0,1,1,1,1
0.133577000,1,0,1,0,0,1,1,0,1,1,1,0
0.133994000,0,0,0,0,0,0,0,0,0,0,0,0
0.133999000,0,0,1,1,0,0,1,0,1,1,1,0
0.134077000,0,0,1,1,0,0,1,0,1,1,1,1
0.134577000,0,0,1,1,0,0,1,0,1,1,1,0
0.134994000,0,0,0,0,0,0,0,0,0,0,0,0
0.134999000,1,0,1,0,1,1,0,0,1,1,1,0
0.135077000,1,0,1,0,1,1,0,0,1,1,1,1
0.135577000,1,0,1,0,1,1,0,0,1,1,1,0
0.135994000,0,0,0,0,0,0,0,0,0,0,0,0
0.135999000,1,1,0,1,1,0,0,0,1,1,1,0
0.136077000,1,1,0,1,1,0,0,0,1,1,1,1
0.136577000,1,1,0,1,1,0,0,0,1,1,1,0
0.136994000,0,0,0,0,0,0,0,0,0,0,0,0
0.136999000,0,1,0,0,0,0,0,0,1,1,1,0
0.137077000,0,1,0,0,0,0,0,0,1,1,1,1
0.137577000,0,1,0,0,0,0,0,0,1,1,1,0
0.137994000,0,0,0,0,0,0,0,0,0,0,0,0
0.137999000,1,0,1,0,0,1,1,1,0,1,1,0
0.138077000,1,0,1,0,0,1,1,1,0,1,1,1
0.138577000,1,0,1,0,0,1,1,1,0,1,1,0
0.138994000,0,0,0,0,0,0,0,0,0,0,0,0
0.138999000,1,0,0,1,0,0,1,1,0,1,1,0
0.139077000,1,0,0,1,0,0,1,1,0,1,1,1
0.139577000,1,0,0,1,0,0,1,1,0,1,1,0
0.139994000,0,0,0,0,0,0,0,0,0,0,0,0
0.139999000,0,1,1,1,0,1,0,1,0,1,1,0
0.140077000,0,1,1,1,0,1,0,1,0,1,1,1
0.140577000,0,1,1,1,0,1,0,1,0,1,1,0
0.140994000,0,0,0,0,0,0,0,0,0,0,0,0
0.140999000,0,0,0,0,1,0,0,1,0,1,1,0
0.141077000,0,0,0,0,1,0,0,1,0,1,1,1
0.141577000,0,0,0,0,1,0,0,1,0,1,1,0
0.141994000,0,0,0,0,0,0,0,0,0,0,0,0
0.141999000,0,0,1,0,1,1,1,0,0,1,1,0
0.142077000,0,0,1,0,1,1,1,0,0,1,1,1
0.142577000,0,0,1,0,1,1,1,0,0,1,1,0
0.142994000,0,0,0,0,0,0,0,0,0,0,0,0
0.142999000,0,0,1,0,1,0,1,0,0,1,1,0
0.143077000,0,0,1,0,1,0,1,0,0,1,1,1
0.143577000,0,0,1,0,1,0,1,0,0,1,1,0
0.143994000,0,0,0,0,0,0,0,0,0,0,0,0
0.143999000,0,1,1,0,1,1,0,0,0,1,1,0
0.144077000,0,1,1,0,1,1,0,0,0,1,1,1
0.144577000,0,1,1,0,1,1,0,0,0,1,1,0
0.144994000,0,0,0,0,0,0,0,0,0,0,0,0
0.144999000,1,0,0,1,1,0,0,0,0,1,1,0
0.145077000,1,0,0,1,1,0,0,0,0,1,1,1
0.145577000,1,0,0,1,1,0,0,0,0,1,1,0
0.145994000,0,0,0,0,0,0,0,0,0,0,0,0
0.145999000,1,1,1,0,1,1,1,1,1,0,1,0
0.146077000,1,1,1,0,1,1,1,1,1,0,1,1
0.146577000,1,1,1,0,1,1,1,1,1,0,1,0
0.146994000,0,0,0,0,0,0,0,0,0,0,0,0
0.146999000,0,1,0,1,1,0,1,1,1,0,1,0
0.147077000,0,1,0,1,1,0,1,1,1,0,1,1
0.147577000,0,1,0,1,1,0,1,1,1,0,1,0
0.147994000,0,0,0,0,0,0,0,0,0,0,0,0
0.147999000,1,1,0,1,1,1,0,1,1,0,1,0
0.148077000,1,1,0,1,1,1,0,1,1,0,1,1
0.148577000,1,1,0,1,1,1,0,1,1,0,1,0
0.148994000,0,0,0,0,0,0,0,0,0,0,0,0
0.148999000,0,0,0,0,0,1,0,1,1,0,1,0
0.149077000,0,0,0,0,0,1,0,1,1,0,1,1
0.149577000,0,0,0,0,0,1,0,1,1,0,1,0
0.149994000,0,0,0,0,0,0,0,0,0,0,0,0
0.149999000,0,1,0,0,0,0,0,1,1,0,1,0
0.150077000,0,1,0,0,0,0,0,1,1,0,1,1
0.150577000,0,1,0,0,0,0,0,1,1,0,1,0
0.150994000,0,0,0,0,0,0,0,0,0,0,0,0
0.150999000,0,1,0,0,0,1,1,0,1,0,1,0
0.151077000,0,1,0,0,0,1,1,0,1,0,1,1
0.151577000,0,1,0,0,0,1,1,0,1,0,1,0
0.151994000,0,0,0,0,0,0,0,0,0,0,0,0
0.151999000,0,1,1,0,0,0,1,0,1,0,1,0
0.152077000,0,1,1,0,0,0,1,0,1,0,1,1
0.152577000,0,1,1,0,0,0,1,0,1,0,1,0
0.152994000,0,0,0,0,0,0,0,0,0,0,0,0
0.152999000,1,1,0,1,0,1,0,0,1,0,1,0
0.153077000,1,1,0,1,0,1,0,0,1,0,1,1
0.153577000,1,1,0,1,0,1,0,0,1,0,1,0
0.153994000,0,0,0,0,0,0,0,0,0,0,0,0
0.153999000,1,0,0,0,1,0,0,0,1,0,1,0
0.154077000,1,0,0,0,1,0,0,0,1,0,1,1
0.154577000,1,0,0,0,1,0,0,0,1,0,1,0
0.154994000,0,0,0,0,0,0,0,0,0,0,0,0
0.154999000,1,1,1,0,1,1,1,1,0,0,1,0
0.155077000,1,1,1,0,1,1,1,1,0,0,1,1
0.155577000,1,1,1,0,1,1,1,1,0,0,1,0
0.155994000,0,0,0,0,0,0,0,0,0,0,0,0
0.155999000,0,1,1,1,1,0,1,1,0,0,1,0
0.156077000,0,1,1,1,1,0,1,1,0,0,1,1
0.156577000,0,1,1,1,1,0,1,1,0,0,1,0
0.156994000,0,0,0,0,0,0,0,0,0,0,0,0
0.156999000,0,1,1,0,0,0,1,1,0,0,1,0
0.157077000,0,1,1,0,0,0,1,1,0,0,1,1
0.157577000,0,1,1,0,0,0,1,1,0,0,1,0
0.157994000,0,0,0,0,0,0,0,0,0,0,0,0
0.157999000,0,1,0,0,1,1,0,1,0,0,1,0
0.158077000,0,1,0,0,1,1,0,1,0,0,1,1
0.158577000,0,1,0,0,1,1,0,1,0,0,1,0
0.158994000,0,0,0,0,0,0,0,0,0,0,0,0
0.158999000,1,0,0,0,0,1,0,1,0,0,1,0
0.159077000,1,0,0,0,0,1,0,1,0,0,1,1
0.159577000,1,0,0,0,0,1,0,1,0,0,1,0
0.159994000,0,0,0,0,0,0,0,0,0,0,0,0
0.159999000,1,1,0,1,0,0,0,1,0,0,1,0
0.160077000,1,1,0,1,0,0,0,1,0,0,1,1
0.160577000,1,1,0,1,0,0,0,1,0,0,1,0
0.160994000,0,0,0,0,0,0,0,0,0,0,0,0
0.160999000,0,1,0,1,1,1,1,0,0,0,1,0
0.161077000,0,1,0,1,1,1,1,0,0,0,1,1
0.161577000,0,1,0,1,1,1,1,0,0,0,1,0
0.161994000,0,0,0,0,0,0,0,0,0,0,0,0
0.161999000,1,0,0,1,0,1,1,0,0,0,1,0
0.162077000,1,0,0,1,0,1,1,0,0,0,1,1
0.162577000,1,0,0,1,0,1,1,0,0,0,1,0
0.162994000,0,0,0,0,0,0,0,0,0,0,0,0
0.162999000,0,1,0,1,1,0,1,0,0,0,1,0
0.163077000,0,1,0,1,1,0,1,0,0,0,1,1
0.163577000,0,1,0,1,1,0,1,0,0,0,1,0
0.163994000,0,0,0,0,0,0,0,0,0,0,0,0
0.163999000,1,1,0,1,0,0,1,0,0,0,1,0
0.164077000,1,1,0,1,0,0,1,0,0,0,1,1
0.164577000,1,1,0,1,0,0,1,0,0,0,1,0
0.164994000,0,0,0,0,0,0,0,0,0,0,0,0
0.164999000,0,1,0,0,0,0,1,0,0,0,1,0
0.165077000,0,1,0,0,0,0,1,0,0,0,1,1
0.165577000,0,1,0,0,0,0,1,0,0,0,1,0
0.165994000,0,0,0,0,0,0,0,0,0,0,0,0
0.165999000,0,1,0,1,1,1,0,0,0,0,1,0
0.166077000,0,1,0,1,1,1,0,0,0,0,1,1
0.166577000,0,1,0,1,1,1,0,0,0,0,1,0
0.166994000,0,0,0,0,0,0,0,0,0,0,0,0
0.166999000,0,0,1,0,1,1,0,0,0,0,1,0
0.167077000,0,0,1,0,1,1,0,0,0,0,1,1
0.167577000,0,0,1,0,1,1,0,0,0,0,1,0
0.167994000,0,0,0,0,0,0,0,0,0,0,0,0
0.167999000,0,1,1,1,0,1,0,0,0,0,1,0
0.168077000,0,1,1,1,0,1,0,0,0,0,1,1
0.168577000,0,1,1,1,0,1,0,0,0,0,1,0
0.168994000,0,0,0,0,0,0,0,0,0,0,0,0
0.168999000,0,1,0,1,0,1,0,0,0,0,1,0
0.169077000,0,1,0,1,0,1,0,0,0,0,1,1
0.169577000,0,1,0,1,0,1,0,0,0,0,1,0
0.169994000,0,0,0,0,0,0,0,0,0,0,0,0
0.169999000,0,1,0,1,0,1,0,0,0,0,1,0
0.170077000,0,1,0,1,0,1,0,0,0,0,1,1
0.170577000,0,1,0,1,0,1,0,0,0,0,1,0
0.170994000,0,0,0,0,0,0,0,0,0,0,0,0
0.170999000,0,1,0,1,0,1,0,0,0,0,1,0
0.171077000,0,1,0,1,0,1,0,0,0,0,1,1
0.171577000,0,1,0,1,0,1,0,0,0,0,1,0
0.171994000,0,0,0,0,0,0,0,0,0,0,0,0
0.171999000,1,1,0,1,0,1,0,0,0,0,1,0
0.172077000,1,1,0,1,0,1,0,0,0,0,1,1
0.172577000,1,1,0,1,0,1,0,0,0,0,1,0
0.172994000,0,0,0,0,0,0,0,0,0,0,0,0
0.172999000,0,1,1,1,0,1,0,0,0,0,1,0
0.173077000,0,1,1,1,0,1,0,0,0,0,1,1
0.173577000,0,1,1,1,0,1,0,0,0,0,1,0
0.173994000,0,0,0,0,0,0,0,0,0,0,0,0
0.173999000,1,0,1,0,1,1,0,0,0,0,1,0
0.174077000,1,0,1,0,1,1,0,0,0,0,1,1
0.174577000,1,0,1,0,1,1,0,0,0,0,1,0
0.174994000,0,0,0,0,0,0,0,0,0,0,0,0
0.174999000,1,0,1,1,1,1,0,0,0,0,1,0
0.175077000,1,0,1,1,1,1,0,0,0,0,1,1
0.175577000,1,0,1,1,1,1,0,0,0,0,1,0
0.175994000,0,0,0,0,0,0,0,0,0,0,0,0
0.175999000,0,1,1,0,0,0,1,0,0,0,1,0
0.176077000,0,1,1,0,0,0,1,0,0,0,1,1
0.176577000,0,1,1,0,0,0,1,0,0,0,1,0
0.176994000,0,0,0,0,0,0,0,0,0,0,0,0
0.176999000,1,0,1,0,1,0,1,0,0,0,1,0
0.177077000,1,0,1,0,1,0,1,0,0,0,1,1
0.177577000,1,0,1,0,1,0,1,0,0,0,1,0
0.177994000,0,0,0,0,0,0,0,0,0,0,0,0
0.177999000,0,1,0,0,0,1,1,0,0,0,1,0
0.178077000,0,1,0,0,0,1,1,0,0,0,1,1
0.178577000,0,1,0,0,0,1,1,0,0,0,1,0
0.178994000,0,0,0,0,0,0,0,0,0,0,0,0
0.178999000,1,1,1,1,0,1,1,0,0,0,1,0
0.179077000,1,1,1,1,0,1,1,0,0,0,1,1
0.179577000,1,1,1,1,0,1,1,0,0,0,1,0
0.179994000,0,0,0,0,0,0,0,0,0,0,0,0
0.179999000,0,0,0,0,0,0,0,1,0,0,1,0
0.180077000,0,0,0,0,0,0,0,1,0,0,1,1
0.180577000,0,0,0,0,0,0,0,1,0,0,1,0
0.180994000,0,0,0,0,0,0,0,0,0,0,0,0
0.180999000,0,1,0,0,1,0,0,1,0,0,1,0
0.181077000,0,1,0,0,1,0,0,1,0,0,1,1
0.181577000,0,1,0,0,1,0,0,1,0,0,1,0
0.181994000,0,0,0,0,0,0,0,0,0,0,0,0
0.181999000,0,1,1,0,0,1,0,1,0,0,1,0
0.182077000,0,1,1,0,0,1,0,1,0,0,1,1
0.182577000,0,1,1,0,0,1,0,1,0,0,1,0
0.182994000,0,0,0,0,0,0,0,0,0,0,0,0
0.182999000,0,1,0,1,1,1,0,1,0,0,1,0
0.183077000,0,1,0,1,1,1,0,1,0,0,1,1
0.183577000,0,1,0,1,1,1,0,1,0,0,1,0
0.183994000,0,0,0,0,0,0,0,0,0,0,0,0
0.183999000,0,1,0,0,1,0,1,1,0,0,1,0
0.184077000,0,1,0,0,1,0,1,1,0,0,1,1
0.184577000,0,1,0,0,1,0,1,1,0,0,1,0
0.184994000,0,0,0,0,0,0,0,0,0,0,0,0
0.184999000,1,0,0,1,0,1,1,1,0,0,1,0
0.185077000,1,0,0,1,0,1,1,1,0,0,1,1
0.185577000,1,0,0,1,0,1,1,1,0,0,1,0
0.185994000,0,0,0,0,0,0,0,0,0,0,0,0
0.185999000,0,1,0,0,0,0,0,0,1,0,1,0
0.186077000,0,1,0,0,0,0,0,0,1,0,1,1
0.186577000,0,1,0,0,0,0,0,0,1,0,1,0
0.186994000,0,0,0,0,0,0,0,0,0,0,0,0
0.186998000,0,0,0,1,1,0,0,0,1,0,0,0
0.186999000,0,0,1,1,1,0,0,0,1,0,1,0
0.187077000,0,0,1,1,1,0,0,0,1,0,1,1
0.187577000,0,0,1,1,1,0,0,0,1,0,1,0
0.187994000,0,0,0,0,0,0,0,0,0,0,0,0
0.187998000,0,1,1,0,1,1,0,0,1,0,0,0
0.187999000,0,1,1,0,1,1,0,0,1,0,1,0
0.188077000,0,1,1,0,1,1,0,0,1,0,1,1
0.188577000,0,1,1,0,1,1,0,0,1,0,1,0
0.188994000,0,0,0,0,0,0,0,0,0,0,0,0
0.188998000,1,1,0,0,1,0,1,0,1,0,1,0
0.189077000,1,1,0,0,1,0,1,0,1,0,1,1
0.189577000,1,1,0,0,1,0,1,0,1,0,1,0
0.189994000,0,0,0,0,0,0,0,0,0,0,0,0
0.189998000,1,1,1,1,0,1,1,0,1,0,1,0
0.190077000,1,1,1,1,0,1,1,0,1,0,1,1
0.190577000,1,1,1,1,0,1,1,0,1,0,1,0
0.190994000,0,0,0,0,0,0,0,0,0,0,0,0
0.190998000,1,0,1,1,0,0,0,1,1,0,1,0
0.191077000,1,0,1,1,0,0,0,1,1,0,1,1
0.191577000,1,0,1,1,0,0,0,1,1,0,1,0
0.191994000,0,0,0,0,0,0,0,0,0,0,0,0
0.191998000,0,1,0,1,0,1,0,1,1,0,1,0
0.192077000,0,1,0,1,0,1,0,1,1,0,1,1
0.192577000,0,1,0,1,0,1,0,1,1,0,1,0
0.192994000,0,0,0,0,0,0,0,0,0,0,0,0
0.192998000,0,0,0,1,0,0,1,1,1,0,1,0
0.193077000,0,0,0,1,0,0,1,1,1,0,1,1
0.193577000,0,0,0,1,0,0,1,1,1,0,1,0
0.193993000,0,0,0,1,0,0,1,1,1,0,0,0
0.193994000,0,0,0,0,0,0,0,0,0,0,0,0
0.193998000,0,0,0,1,0,1,1,1,1,0,1,0
0.194077000,0,0,0,1,0,1,1,1,1,0,1,1
0.194577000,0,0,0,1,0,1,1,1,1,0,1,0
0.194993000,0,0,0,1,0,1,1,1,1,0,0,0
0.194994000,0,0,0,0,0,0,0,0,0,0,0,0
0.194998000,1,0,1,0,0,0,0,0,0,1,1,0
0.195077000,1,0,1,0,0,0,0,0,0,1,1,1
0.195577000,1,0,1,0,0,0,0,0,0,1,1,0
0.195993000,1,0,1,0,0,0,0,0,0,1,0,0
0.195994000,0,0,0,0,0,0,0,0,0,0,0,0
0.195998000,1,0,1,0,0,1,0,0,0,1,1,0
0.196077000,1,0,1,0,0,1,0,0,0,1,1,1
0.196577000,1,0,1,0,0,1,0,0,0,1,1,0
0.196993000,1,0,1,0,0,1,0,0,0,1,0,0
0.196994000,0,0,0,0,0,0,0,0,0,0,0,0
0.196998000,0,1,0,0,0,0,1,0,0,1,1,0
0.197077000,0,1,0,0,0,0,1,0,0,1,1,1
0.197577000,0,1,0,0,0,0,1,0,0,1,1,0
0.197993000,0,1,0,0,0,0,0,0,0,0,0,0
0.197994000,0,0,0,0,0,0,0,0,0,0,0,0
0.197998000,1,0,0,0,0,1,1,0,0,1,1,0
0.198077000,1,0,0,0,0,1,1,0,0,1,1,1
0.198577000,1,0,0,0,0,1,1,0,0,1,1,0
0.198993000,0,0,0,0,0,0,0,0,0,0,0,0
0.198998000,0,1,1,1,1,1,1,0,0,1,1,0
0.199077000,0,1,1,1,1,1,1,0,0,1,1,1
0.199577000,0,1,1,1,1,1,1,0,0,1,1,0
0.199993000,0,0,0,0,0,0,0,0,0,0,0,0
0.199998000,1,1,0,1,1,0,0,1,0,1,1,0
0.200077000,1,1,0,1,1,0,0,1,0,1,1,1
0.200577000,1,1,0,1,1,0,0,1,0,1,1,0
0.200993000,0,0,0,0,0,0,0,0,0,0,0,0
0.200998000,1,1,1,0,1,1,0,1,0,1,1,0
0.201077000,1,1,1,0,1,1,0,1,0,1,1,1
0.201577000,1,1,1,0,1,1,0,1,0,1,1,0
0.201993000,0,0,0,0,0,0,0,0,0,0,0,0
0.201998000,0,0,1,0,1,0,1,1,0,1,1,0
0.202077000,0,0,1,0,1,0,1,1,0,1,1,1
0.202577000,0,0,1,0,1,0,1,1,0,1,1,0
0.202993000,0,0,0,0,0,0,0,0,0,0,0,0
0.202998000,1,0,0,0,1,1,1,1,0,1,1,0
0.203077000,1,0,0,0,1,1,1,1,0,1,1,1
0.203577000,1,0,0,0,1,1,1,1,0,1,1,0
0.203993000,0,0,0,0,0,0,0,0,0,0,0,0
0.203998000,0,0,1,1,0,0,0,0,1,1,1,0
0.204077000,0,0,1,1,0,0,0,0,1,1,1,1
0.204577000,0,0,1,1,0,0,0,0,1,1,1,0
0.204993000,0,0,0,0,0,0,0,0,0,0,0,0
0.204998000,0,1,1,0,0,1,0,0,1,1,1,0
0.205077000,0,1,1,0,0,1,0,0,1,1,1,1
0.205577000,0,1,1,0,0,1,0,0,1,1,1,0
0.205993000,0,0,0,0,0,0,0,0,0,0,0,0
0.205998000,1,1,0,1,1,1,0,0,1,1,1,0
0.206077000,1,1,0,1,1,1,0,0,1,1,1,1
0.206577000,1,1,0,1,1,1,0,0,1,1,1,0
0.206993000,1,0,0,1,0,0,0,0,1,0,0,0
0.206994000,0,0,0,0,0,0,0,0,0,0,0,0
0.206998000,0,1,1,0,1,0,1,0,1,1,1,0
0.207077000,0,1,1,0,1,0,1,0,1,1,1,1
0.207577000,0,1,1,0,1,0,1,0,1,1,1,0
0.207993000,0,0,0,0,0,0,0,0,0,0,0,0
0.207998000,1,1,0,1,0,1,1,0,1,1,1,0
0.208077000,1,1,0,1,0,1,1,0,1,1,1,1
0.208577000,1,1,0,1,0,1,1,0,1,1,1,0
0.208993000,0,0,0,0,0,0,0,0,0,0,0,0
0.208998000,0,1,0,0,0,0,0,1,1,1,1,0
0.209077000,0,1,0,0,0,0,0,1,1,1,1,1
0.209577000,0,1,0,0,0,0,0,1,1,1,1,0
0.209993000,0,0,0,0,0,0,0,0,0,0,0,0
0.209998000,0,0,1,0,1,0,0,1,1,1,1,0
0.210077000,0,0,1,0,1,0,0,1,1,1,1,1
0.210577000,0,0,1,0,1,0,0,1,1,1,1,0
0.210993000,0,0,0,0,0,0,0,0,0,0,0,0
0.210998000,1,0,1,0,0,1,0,1,1,1,1,0
0.211077000,1,0,1,0,0,1,0,1,1,1,1,1
0.211577000,1,0,1,0,0,1,0,1,1,1,1,0
0.211993000,0,0,0,0,0,0,0,0,0,0,0,0
0.211998000,0,1,1,0,1,1,0,1,1,1,1,0
0.212077000,0,1,1,0,1,1,0,1,1,1,1,1
0.212577000,0,1,1,0,1,1,0,1,1,1,1,0
0.212993000,0,0,0,0,0,0,0,0,0,0,0,0
0.212998000,1,0,1,0,0,0,1,1,1,1,1,0
0.213077000,1,0,1,0,0,0,1,1,1,1,1,1
0.213577000,1,0,1,0,0,0,1,1,1,1,1,0
0.213993000,0,0,0,0,0,0,0,0,0,0,0,0
0.213998000,0,1,0,0,1,0,1,1,1,1,1,0
0.214077000,0,1,0,0,1,0,1,1,1,1,1,1
0.214577000,0,1,0,0,1,0,1,1,1,1,1,0
0.214993000,0,0,0,0,0,0,0,0,0,0,0,0
0.214998000,0,0,1,1,1,0,1,1,1,1,1,0
0.215077000,0,0,1,1,1,0,1,1,1,1,1,1
0.215577000,0,0,1,1,1,0,1,1,1,1,1,0
0.215993000,0,0,0,0,0,0,0,0,0,0,0,0
0.215998000,0,1,0,1,0,1,1,1,1,1,1,0
0.216077000,0,1,0,1,0,1,1,1,1,1,1,1
0.216577000,0,1,0,1,0,1,1,1,1,1,1,0
0.216993000,0,0,0,0,0,0,0,0,0,0,0,0
0.216998000,0,1,1,1,0,1,1,1,1,1,1,0
0.217077000,0,1,1,1,0,1,1,1,1,1,1,1
0.217577000,0,1,1,1,0,1,1,1,1,1,1,0
0.217993000,0,0,0,0,0,0,0,0,0,0,0,0
0.217998000,0,0,1,0,1,1,1,1,1,1,1,0
0.218077000,0,0,1,0,1,1,1,1,1,1,1,1
0.218577000,0,0,1,0,1,1,1,1,1,1,1,0
0.218993000,0,0,0,0,0,0,0,0,0,0,0,0
0.218998000,0,1,0,1,1,1,1,1,1,1,1,0
0.219077000,0,1,0,1,1,1,1,1,1,1,1,1
0.219577000,0,1,0,1,1,1,1,1,1,1,1,0
0.219993000,0,0,0,0,0,0,0,0,0,0,0,0
0.219998000,0,1,0,1,1,1,1,1,1,1,1,0
0.220077000,0,1,0,1,1,1,1,1,1,1,1,1
0.220577000,0,1,0,1,1,1,1,1,1,1,1,0
0.220993000,0,0,0,0,0,0,0,0,0,0,0,0
0.220998000,1,1,0,1,1,1,1,1,1,1,1,0
0.221077000,1,1,0,1,1,1,1,1,1,1,1,1
0.221577000,1,1,0,1,1,1,1,1,1,1,1,0
0.221993000,0,0,0,0,0,0,0,0,0,0,0,0
0.221998000,1,1,1,0,1,1,1,1,1,1,1,0
0.222077000,1,1,1,0,1,1,1,1,1,1,1,1
0.222577000,1,1,1,0,1,1,1,1,1,1,1,0
0.222993000,0,0,0,0,0,0,0,0,0,0,0,0
0.222998000,0,0,1,0,1,1,1,1,1,1,1,0
0.223077000,0,0,1,0,1,1,1,1,1,1,1,1
0.223577000,0,0,1,0,1,1,1,1,1,1,1,0
0.223993000,0,0,0,0,0,0,0,0,0,0,0,0
0.223998000,1,1,1,1,0,1,1,1,1,1,1,0
0.224077000,1,1,1,1,0,1,1,1,1,1,1,1
0.224577000,1,1,1,1,0,1,1,1,1,1,1,0
0.224993000,0,0,0,0,0,0,0,0,0,0,0,0
0.224998000,0,0,0,1,0,1,1,1,1,1,1,0
0.225077000,0,0,0,1,0,1,1,1,1,1,1,1
0.225577000,0,0,0,1,0,1,1,1,1,1,1,0
0.225993000,0,0,0,0,0,0,0,0,0,0,0,0
0.225998000,1,1,0,1,1,0,1,1,1,1,1,0
0.226077000,1,1,0,1,1,0,1,1,1,1,1,1
0.226577000,1,1,0,1,1,0,1,1,1,1,1,0
0.226993000,0,0,0,0,0,0,0,0,0,0,0,0
0.226998000,0,1,0,0,1,0,1,1,1,1,1,0
0.227077000,0,1,0,0,1,0,1,1,1,1,1,1
0.227577000,0,1,0,0,1,0,1,1,1,1,1,0
0.227993000,0,0,0,0,0,0,0,0,0,0,0,0
0.227998000,0,0,1,0,0,0,1,1,1,1,1,0
0.228077000,0,0,1,0,0,0,1,1,1,1,1,1
0.228577000,0,0,1,0,0,0,1,1,1,1,1,0
0.228993000,0,0,0,0,0,0,0,0,0,0,0,0
0.228998000,1,0,1,0,1,1,0,1,1,1,1,0
0.229077000,1,0,1,0,1,1,0,1,1,1,1,1
0.229577000,1,0,1,0,1,1,0,1,1,1,1,0
0.229993000,0,0,0,0,0,0,0,0,0,0,0,0
0.229998000,0,0,1,0,0,1,0,1,1,1,1,0
0.230077000,0,0,1,0,0,1,0,1,1,1,1,1
0.230577000,0,0,1,0,0,1,0,1,1,1,1,0
0.230993000,0,0,0,0,0,0,0,0,0,0,0,0
0.230998000,0,0,1,0,1,0,0,1,1,1,1,0
0.231077000,0,0,1,0,1,0,0,1,1,1,1,1
0.231577000,0,0,1,0,1,0,0,1,1,1,1,0
0.231993000,0,0,0,0,0,0,0,0,0,0,0,0
0.231998000,0,0,0,0,0,0,0,1,1,1,1,0
0.232077000,0,0,0,0,0,0,0,1,1,1,1,1
0.232577000,0,0,0,0,0,0,0,1,1,1,1,0
0.232993000,0,0,0,0,0,0,0,0,0,0,0,0
0.232998000,1,1,0,1,0,1,1,0,1,1,1,0
0.233077000,1,1,0,1,0,1,1,0,1,1,1,1
0.233577000,1,1,0,1,0,1,1,0,1,1,1,0
0.233993000,0,0,0,0,0,0,0,0,0,0,0,0
0.233998000,1,0,1,0,1,0,1,0,1,1,1,0
0.234077000,1,0,1,0,1,0,1,0,1,1,1,1
0.234577000,1,0,1,0,1,0,1,0,1,1,1,0
0.234993000,0,0,0,0,0,0,0,0,0,0,0,0
0.234998000,1,0,1,1,1,1,0,0,1,1,1,0
0.235077000,1,0,1,1,1,1,0,0,1,1,1,1
0.235577000,1,0,1,1,1,1,0,0,1,1,1,0
0.235993000,0,0,0,0,0,0,0,0,0,0,0,0
0.235998000,0,0,1,0,0,1,0,0,1,1,1,0
0.236077000,0,0,1,0,0,1,0,0,1,1,1,1
0.236577000,0,0,1,0,0,1,0,0,1,1,1,0
0.236993000,0,0,0,0,0,0,0,0,0,0,0,0
0.236998000,1,0,0,1,0,0,0,0,1,1,1,0
0.237077000,1,0,0,1,0,0,0,0,1,1,1,1
0.237577000,1,0,0,1,0,0,0,0,1,1,1,0
0.237993000,0,0,0,0,0,0,0,0,0,0,0,0
0.237998000,0,1,0,0,1,1,1,1,0,1,1,0
0.238077000,0,1,0,0,1,1,1,1,0,1,1,1
0.238577000,0,1,0,0,1,1,1,1,0,1,1,0
0.238993000,0,0,0,0,0,0,0,0,0,0,0,0
0.238998000,0,1,1,0,1,0,1,1,0,1,1,0
0.239077000,0,1,1,0,1,0,1,1,0,1,1,1
0.239577000,0,1,1,0,1,0,1,1,0,1,1,0
0.239993000,0,0,0,0,0,0,0,0,0,0,0,0
0.239998000,1,1,1,0,1,1,0,1,0,1,1,0
0.240076000,1,1,1,0,1,1,0,1,0,1,1,1
0.240576000,1,1,1,0,1,1,0,1,0,1,1,0
0.240993000,0,0,0,0,0,0,0,0,0,0,0,0
0.240998000,1,1,0,1,1,0,0,1,0,1,1,0
0.241076000,1,1,0,1,1,0,0,1,0,1,1,1
0.241576000,1,1,0,1,1,0,0,1,0,1,1,0
0.241993000,0,0,0,0,0,0,0,0,0,0,0,0
0.241998000,1,1,0,1,1,1,1,0,0,1,1,0
0.242076000,1,1,0,1,1,1,1,0,0,1,1,1
0.242576000,1,1,0,1,1,1,1,0,0,1,1,0
0.242993000,0,0,0,0,0,0,0,0,0,0,0,0
0.242998000,0,1,1,1,1,0,1,0,0,1,1,0
0.243076000,0,1,1,1,1,0,1,0,0,1,1,1
0.243576000,0,1,1,1,1,0,1,0,0,1,1,0
0.243993000,0,0,0,0,0,0,0,0,0,0,0,0
0.243998000,1,0,0,0,0,0,1,0,0,1,1,0
0.244076000,1,0,0,0,0,0,1,0,0,1,1,1
0.244576000,1,0,0,0,0,0,1,0,0,1,1,0
0.244993000,0,0,0,0,0,0,0,0,0,0,0,0
0.244998000,0,1,0,0,0,1,0,0,0,1,1,0
0.245076000,0,1,0,0,0,1,0,0,0,1,1,1
0.245576000,0,1,0,0,0,1,0,0,0,1,1,0
0.245993000,0,0,0,0,0,0,0,0,0,0,0,0
0.245998000,0,0,1,0,0,0,0,0,0,1,1,0
0.246076000,0,0,1,0,0,0,0,0,0,1,1,1
0.246576000,0,0,1,0,0,0,0,0,0,1,1,0
0.246993000,0,0,0,0,0,0,0,0,0,0,0,0
0.246998000,1,0,1,0,0,1,1,1,1,0,1,0
0.247076000,1,0,1,0,0,1,1,1,1,0,1,1
0.247576000,1,0,1,0,0,1,1,1,1,0,1,0
0.247993000,0,0,0,0,0,0,0,0,0,0,0,0
0.247998000,0,1,1,0,0,0,1,1,1,0,1,0
0.248076000,0,1,1,0,0,0,1,1,1,0,1,1
0.248576000,0,1,1,0,0,0,1,1,1,0,1,0
0.248993000,0,0,0,0,0,0,0,0,0,0,0,0
0.248998000,0,1,0,1,0,1,0,1,1,0,1,0
0.249076000,0,1,0,1,0,1,0,1,1,0,1,1
0.249576000,0,1,0,1,0,1,0,1,1,0,1,0
0.249993000,0,0,0,0,0,0,0,0,0,0,0,0
0.249998000,0,1,0,1,0,0,0,1,1,0,1,0
0.250076000,0,1,0,1,0,0,0,1,1,0,1,1
0.250576000,0,1,0,1,0,0,0,1,1,0,1,0
0.250993000,0,0,0,0,0,0,0,0,0,0,0,0
0.250998000,0,0,1,1,0,1,1,0,1,0,1,0
0.251076000,0,0,1,1,0,1,1,0,1,0,1,1
0.251576000,0,0,1,1,0,1,1,0,1,0,1,0
0.251993000,0,0,0,0,0,0,0,0,0,0,0,0
0.251998000,1,0,0,0,1,0,1,0,1,0,1,0
0.252076000,1,0,0,0,1,0,1,0,1,0,1,1
0.252576000,1,0,0,0,1,0,1,0,1,0,1,0
0.252993000,0,0,0,0,0,0,0,0,0,0,0,0
0.252998000,1,0,1,0,1,1,0,0,1,0,1,0
0.253076000,1,0,1,0,1,1,0,0,1,0,1,1
0.253576000,1,0,1,0,1,1,0,0,1,0,1,0
0.253993000,0,0,0,0,0,0,0,0,0,0,0,0
0.253998000,1,1,0,1,1,0,0,0,1,0,1,0
0.254076000,1,1,0,1,1,0,0,0,1,0,1,1
0.254576000,1,1,0,1,1,0,0,0,1,0,1,0
0.254993000,0,0,0,0,0,0,0,0,0,0,0,0
0.254998000,0,1,0,0,0,0,0,0,1,0,1,0
0.255076000,0,1,0,0,0,0,0,0,1,0,1,1
0.255576000,0,1,0,0,0,0,0,0,1,0,1,0
0.255993000,0,0,0,0,0,0,0,0,0,0,0,0
0.255998000,0,0,0,1,0,1,1,1,0,0,1,0
0.256076000,0,0,0,1,0,1,1,1,0,0,1,1
0.256576000,0,0,0,1,0,1,1,1,0,0,1,0
0.256993000,0,0,0,0,0,0,0,0,0,0,0,0
0.256998000,1,0,0,0,1,0,1,1,0,0,1,0
0.257076000,1,0,0,0,1,0,1,1,0,0,1,1
0.257576000,1,0,0,0,1,0,1,1,0,0,1,0
0.257993000,0,0,0,0,0,0,0,0,0,0,0,0
0.257998000,1,0,0,1,1,1,0,1,0,0,1,0
0.258076000,1,0,0,1,1,1,0,1,0,0,1,1
0.258576000,1,0,0,1,1,1,0,1,0,0,1,0
0.258993000,0,0,0,0,0,0,0,0,0,0,0,0
0.258998000,1,0,1,0,0,1,0,1,0,0,1,0
0.259076000,1,0,1,0,0,1,0,1,0,0,1,1
0.259576000,1,0,1,0,0,1,0,1,0,0,1,0
0.259993000,0,0,0,0,0,0,0,0,0,0,0,0
0.259998000,0,1,0,0,1,0,0,1,0,0,1,0
0.260076000,0,1,0,0,1,0,0,1,0,0,1,1
0.260576000,0,1,0,0,1,0,0,1,0,0,1,0
0.260993000,0,0,0,0,0,0,0,0,0,0,0,0
0.260998000,1,0,1,1,1,1,1,0,0,0,1,0
0.261076000,1,0,1,1,1,1,1,0,0,0,1,1
0.261576000,1,0,1,1,1,1,1,0,0,0,1,0
0.261993000,0,0,0,0,0,0,0,0,0,0,0,0
0.261998000,1,0,1,1,0,1,1,0,0,0,1,0
0.262076000,1,0,1,1,0,1,1,0,0,0,1,1
0.262576000,1,0,1,1,0,1,1,0,0,0,1,0
0.262993000,0,0,0,0,0,0,0,0,0,0,0,0
0.262998000,1,1,1,1,1,0,1,0,0,0,1,0
0.263076000,1,1,1,1,1,0,1,0,0,0,1,1
0.263576000,1,1,1,1,1,0,1,0,0,0,1,0
0.263993000,0,0,0,0,0,0,0,0,0,0,0,0
0.263998000,0,1,0,0,1,0,1,0,0,0,1,0
0.264076000,0,1,0,0,1,0,1,0,0,0,1,1
0.264576000,0,1,0,0,1,0,1,0,0,0,1,0
0.264993000,0,0,0,0,0,0,0,0,0,0,0,0
0.264998000,0,1,1,0,0,0,1,0,0,0,0,0
0.264999000,0,1,1,0,0,0,1,0,0,0,1,0
0.265076000,0,1,1,0,0,0,1,0,0,0,1,1
0.265576000,0,1,1,0,0,0,1,0,0,0,1,0
0.265993000,0,0,0,0,0,0,0,0,0,0,0,0
0.265999000,0,0,1,1,1,1,0,0,0,0,1,0
0.266076000,0,0,1,1,1,1,0,0,0,0,1,1
0.266576000,0,0,1,1,1,1,0,0,0,0,1,0
0.266993000,0,0,0,0,0,0,0,0,0,0,0,0
0.266999000,0,0,1,0,1,1,0,0,0,0,1,0
0.267076000,0,0,1,0,1,1,0,0,0,0,1,1
0.267576000,0,0,1,0,1,1,0,0,0,0,1,0
0.267993000,0,0,0,0,0,0,0,0,0,0,0,0
0.267999000,1,0,1,1,0,1,0,0,0,0,1,0
0.268076000,1,0,1,1,0,1,0,0,0,0,1,1
0.268576000,1,0,1,1,0,1,0,0,0,0,1,0
0.268993000,0,0,0,0,0,0,0,0,0,0,0,0
0.268999000,1,0,0,1,0,1,0,0,0,0,1,0
0.269076000,1,0,0,1,0,1,0,0,0,0,1,1
0.269576000,1,0,0,1,0,1,0,0,0,0,1,0
0.269993000,0,0,0,0,0,0,0,0,0,0,0,0
0.269999000,0,1,0,1,0,1,0,0,0,0,1,0
0.270076000,0,1,0,1,0,1,0,0,0,0,1,1
0.270576000,0,1,0,1,0,1,0,0,0,0,1,0
0.270993000,0,0,0,0,0,0,0,0,0,0,0,0
0.270999000,0,1,0,1,0,1,0,0,0,0,1,0
0.271076000,0,1,0,1,0,1,0,0,0,0,1,1
0.271576000,0,1,0,1,0,1,0,0,0,0,1,0
0.271993000,0,0,0,0,0,0,0,0,0,0,0,0
0.271999000,0,1,0,1,0,1,0,0,0,0,1,0
0.272076000,0,1,0,1,0,1,0,0,0,0,1,1
0.272576000,0,1,0,1,0,1,0,0,0,0,1,0
0.272993000,0,0,0,0,0,0,0,0,0,0,0,0
0.272999000,1,0,1,1,0,1,0,0,0,0,1,0
0.273076000,1,0,1,1,0,1,0,0,0,0,1,1
0.273576000,1,0,1,1,0,1,0,0,0,0,1,0
0.273993000,0,0,0,0,0,0,0,0,0,0,0,0
0.273999000,1,0,1,0,1,1,0,0,0,0,1,0
0.274076000,1,0,1,0,1,1,0,0,0,0,1,1
0.274576000,1,0,1,0,1,1,0,0,0,0,1,0
0.274993000,0,0,0,0,0,0,0,0,0,0,0,0
0.274999000,0,1,0,1,1,1,0,0,0,0,1,0
0.275076000,0,1,0,1,1,1,0,0,0,0,1,1
0.275576000,0,1,0,1,1,1,0,0,0,0,1,0
0.275993000,0,0,0,0,0,0,0,0,0,0,0,0
0.275998000,0,1,0,0,0,0,1,0,0,0,1,0
0.276076000,0,1,0,0,0,0,1,0,0,0,1,1
0.276576000,0,1,0,0,0,0,1,0,0,0,1,0
0.276993000,0,0,0,0,0,0,0,0,0,0,0,0
0.276998000,1,0,0,0,1,0,1,0,0,0,1,0
0.277076000,1,0,0,0,1,0,1,0,0,0,1,1
0.277576000,1,0,0,0,1,0,1,0,0,0,1,0
0.277993000,0,0,0,0,0,0,0,0,0,0,0,0
0.277998000,1,1,0,1,1,0,1,0,0,0,1,0
0.278076000,1,1,0,1,1,0,1,0,0,0,1,1
0.278576000,1,1,0,1,1,0,1,0,0,0,1,0
0.278993000,0,0,0,0,0,0,0,0,0,0,0,0
0.278998000,0,1,0,1,0,1,1,0,0,0,1,0
0.279076000,0,1,0,1,0,1,1,0,0,0,1,1
0.279576000,0,1,0,1,0,1,1,0,0,0,1,0
0.279993000,0,0,0,0,0,0,0,0,0,0,0,0
0.279998000,0,1,0,1,1,1,1,0,0,0,1,0
0.280076000,0,1,0,1,1,1,1,0,0,0,1,1
0.280576000,0,1,0,1,1,1,1,0,0,0,1,0
0.280993000,0,0,0,0,0,0,0,0,0,0,0,0
0.280998000,1,1,0,1,0,0,0,1,0,0,1,0
0.281076000,1,1,0,1,0,0,0,1,0,0,1,1
0.281576000,1,1,0,1,0,0,0,1,0,0,1,0
0.281993000,0,0,0,0,0,0,0,0,0,0,0,0
0.281998000,0,0,0,0,0,1,0,1,0,0,1,0
0.282076000,0,0,0,0,0,1,0,1,0,0,1,1
0.282576000,0,0,0,0,0,1,0,1,0,0,1,0
0.282993000,0,0,0,0,0,0,0,0,0,0,0,0
0.282998000,1,0,1,0,1,1,0,1,0,0,1,0
0.283076000,1,0,1,0,1,1,0,1,0,0,1,1
0.283576000,1,0,1,0,1,1,0,1,0,0,1,0
0.283993000,0,0,0,0,0,0,0,0,0,0,0,0
0.283998000,1,0,0,1,0,0,1,1,0,0,1,0
0.284076000,1,0,0,1,0,0,1,1,0,0,1,1
0.284576000,1,0,0,1,0,0,1,1,0,0,1,0
0.284993000,0,0,0,0,0,0,0,0,0,0,0,0
0.284998000,1,1,1,1,1,0,1,1,0,0,1,0
0.285076000,1,1,1,1,1,0,1,1,0,0,1,1
0.285576000,1,1,1,1,1,0,1,1,0,0,1,0
0.285993000,0,0,0,0,0,0,0,0,0,0,0,0
0.285998000,1,0,0,1,1,1,1,1,0,0,1,0
0.286076000,1,0,0,1,1,1,1,1,0,0,1,1
0.286576000,1,0,0,1,1,1,1,1,0,0,1,0
0.286993000,0,0,0,0,0,0,0,0,0,0,0,0
0.286998000,0,1,0,0,1,0,0,0,1,0,1,0
0.287076000,0,1,0,0,1,0,0,0,1,0,1,1
0.287576000,0,1,0,0,1,0,0,0,1,0,1,0
0.287993000,0,0,0,0,0,0,0,0,0,0,0,0
0.287998000,0,1,1,1,0,1,0,0,1,0,1,0
0.288076000,0,1,1,1,0,1,0,0,1,0,1,1
0.288576000,0,1,1,1,0,1,0,0,1,0,1,0
0.288993000,0,0,0,0,0,0,0,0,0,0,0,0
0.288998000,0,1,0,1,0,0,1,0,1,0,1,0
0.289076000,0,1,0,1,0,0,1,0,1,0,1,1
0.289576000,0,1,0,1,0,0,1,0,1,0,1,0
0.289993000,0,0,0,0,0,0,0,0,0,0,0,0
0.289998000,1,0,1,0,0,1,1,0,1,0,1,0
0.290076000,1,0,1,0,0,1,1,0,1,0,1,1
0.290576000,1,0,1,0,0,1,1,0,1,0,1,0
0.290993000,0,0,0,0,0,0,0,0,0,0,0,0
0.290998000,0,1,0,0,0,0,0,1,1,0,1,0
0.291076000,0,1,0,0,0,0,0,1,1,0,1,1
0.291576000,0,1,0,0,0,0,0,1,1,0,1,0
0.291993000,0,0,0,0,0,0,0,0,0,0,0,0
0.291998000,1,0,0,0,0,1,0,1,1,0,1,0
0.292076000,1,0,0,0,0,1,0,1,1,0,1,1
0.292576000,1,0,0,0,0,1,0,1,1,0,1,0
0.292993000,0,0,0,0,0,0,0,0,0,0,0,0
0.292998000,1,0,1,1,1,1,0,1,1,0,1,0
0.293076000,1,0,1,1,1,1,0,1,1,0,1,1
0.293576000,1,0,1,1,1,1,0,1,1,0,1,0
0.293993000,0,0,0,0,0,0,0,0,0,0,0,0
0.293998000,1,1,0,1,1,0,1,1,1,0,1,0
0.294076000,1,1,0,1,1,0,1,1,1,0,1,1
0.294576000,1,1,0,1,1,0,1,1,1,0,1,0
0.294993000,0,0,0,0,0,0,0,0,0,0,0,0
0.294998000,0,1,0,1,1,1,1,1,1,0,1,0
0.295076000,0,1,0,1,1,1,1,1,1,0,1,1
0.295576000,0,1,0,1,1,1,1,1,1,0,1,0
0.295993000,0,0,0,0,0,0,0,0,0,0,0,0
0.295998000,1,0,0,1,1,0,0,0,0,1,1,0
0.296076000,1,0,0,1,1,0,0,0,0,1,1,1
0.296576000,1,0,0,1,1,0,0,0,0,1,1,0
0.296993000,0,0,0,0,0,0,0,0,0,0,0,0
0.296998000,1,0,0,1,1,1,0,0,0,1,1,0
0.297076000,1,0,0,1,1,1,0,0,0,1,1,1
0.297576000,1,0,0,1,1,1,0,0,0,1,1,0
0.297993000,0,0,0,0,0,0,0,0,0,0,0,0
0.297998000,0,1,1,0,1,0,1,0,0,1,1,0
0.298076000,0,1,1,0,1,0,1,0,0,1,1,1
0.298576000,0,1,1,0,1,0,1,0,0,1,1,0
0.298993000,0,0,0,0,0,0,0,0,0,0,0,0
0.298998000,0,0,1,0,1,1,1,0,0,1,1,0
0.299076000,0,0,1,0,1,1,1,0,0,1,1,1
0.299576000,0,0,1,0,1,1,1,0,0,1,1,0
0.299993000,0,0,0,0,0,0,0,0,0,0,0,0
0.299998000,1,0,0,0,1,0,0,1,0,1,1,0
0.300076000,1,0,0,0,1,0,0,1,0,1,1,1
0.300576000,1,0,0,0,1,0,0,1,0,1,1,0
0.300993000,0,0,0,0,0,0,0,0,0,0,0,0
0.300998000,1,1,1,1,0,1,0,1,0,1,1,0
0.301076000,1,1,1,1,0,1,0,1,0,1,1,1
0.301576000,1,1,1,1,0,1,0,1,0,1,1,0
0.301993000,0,0,0,0,0,0,0,0,0,0,0,0
0.301998000,0,1,0,1,0,0,1,1,0,1,1,0
0.302076000,0,1,0,1,0,0,1,1,0,1,1,1
0.302576000,0,1,0,1,0,0,1,1,0,1,1,0
0.302993000,0,0,0,0,0,0,0,0,0,0,0,0
0.302998000,0,1,1,0,0,1,1,1,0,1,1,0
0.303076000,0,1,1,0,0,1,1,1,0,1,1,1
0.303576000,0,1,1,0,0,1,1,1,0,1,1,0
0.303993000,0,0,0,0,0,0,0,0,0,0,0,0
0.303998000,0,1,0,0,0,0,0,0,1,1,1,0
0.304076000,0,1,0,0,0,0,0,0,1,1,1,1
0.304576000,0,1,0,0,0,0,0,0,1,1,1,0
0.304993000,0,0,0,0,0,0,0,0,0,0,0,0
0.304998000,1,1,0,1,1,0,0,0,1,1,1,0
0.305076000,1,1,0,1,1,0,0,0,1,1,1,1
0.305576000,1,1,0,1,1,0,0,0,1,1,1,0
0.305993000,0,0,0,0,0,0,0,0,0,0,0,0
0.305998000,0,1,1,0,1,1,0,0,1,1,1,0
0.306076000,0,1,1,0,1,1,0,0,1,1,1,1
0.306576000,0,1,1,0,1,1,0,0,1,1,1,0
0.306993000,0,0,0,0,0,0,0,0,0,0,0,0
0.306998000,0,1,1,1,0,0,1,0,1,1,1,0
0.307076000,0,1,1,1,0,0,1,0,1,1,1,1
0.307576000,0,1,1,1,0,0,1,0,1,1,1,0
0.307993000,0,0,0,0,0,0,0,0,0,0,0,0
0.307998000,0,0,1,0,0,1,1,0,1,1,1,0
0.308076000,0,0,1,0,0,1,1,0,1,1,1,1
0.308576000,0,0,1,0,0,1,1,0,1,1,1,0
0.308993000,0,0,0,0,0,0,0,0,0,0,0,0
0.308998000,1,0,0,1,1,1,1,0,1,1,1,0
0.309076000,1,0,0,1,1,1,1,0,1,1,1,1
0.309576000,1,0,0,1,1,1,1,0,1,1,1,0
0.309993000,0,0,0,0,0,0,0,0,0,0,0,0
0.309998000,1,1,0,1,0,0,0,1,1,1,1,0
0.310076000,1,1,0,1,0,0,0,1,1,1,1,1
0.310576000,1,1,0,1,0,0,0,1,1,1,1,0
0.310993000,0,0,0,0,0,0,0,0,0,0,0,0
0.310998000,0,0,0,0,0,1,0,1,1,1,1,0
0.311076000,0,0,0,0,0,1,0,1,1,1,1,1
0.311576000,0,0,0,0,0,1,0,1,1,1,1,0
0.311993000,0,0,0,0,0,0,0,0,0,0,0,0
0.311998000,0,1,0,0,1,1,0,1,1,1,1,0
0.312076000,0,1,0,0,1,1,0,1,1,1,1,1
0.312576000,0,1,0,0,1,1,0,1,1,1,1,0
0.312993000,0,0,0,0,0,0,0,0,0,0,0,0
0.312998000,0,1,1,1,1,1,0,1,1,1,1,0
0.313076000,0,1,1,1,1,1,0,1,1,1,1,1
0.313576000,0,1,1,1,1,1,0,1,1,1,1,0
0.313993000,0,0,0,0,0,0,0,0,0,0,0,0
0.313998000,1,0,1,1,0,0,1,1,1,1,1,0
0.314076000,1,0,1,1,0,0,1,1,1,1,1,1
0.314576000,1,0,1,1,0,0,1,1,1,1,1,0
0.314993000,0,0,0,0,0,0,0,0,0,0,0,0
0.314998000,1,0,0,1,1,0,1,1,1,1,1,0
0.315076000,1,0,0,1,1,0,1,1,1,1,1,1
0.315576000,1,0,0,1,1,0,1,1,1,1,1,0
0.315993000,0,0,0,0,0,0,0,0,0,0,0,0
0.315998000,1,0,1,0,0,1,1,1,1,1,1,0
0.316076000,1,0,1,0,0,1,1,1,1,1,1,1
0.316576000,1,0,1,0,0,1,1,1,1,1,1,0
0.316993000,0,0,0,0,0,0,0,0,0,0,0,0
0.316998000,1,1,0,1,0,1,1,1,1,1,1,0
0.317076000,1,1,0,1,0,1,1,1,1,1,1,1
0.317576000,1,1,0,1,0,1,1,1,1,1,1,0
0.317993000,0,0,0,0,0,0,0,0,0,0,0,0
0.317998000,0,1,0,0,1,1,1,1,1,1,1,0
0.318076000,0,1,0,0,1,1,1,1,1,1,1,1
0.318576000,0,1,0,0,1,1,1,1,1,1,1,0
0.318993000,0,0,0,0,0,0,0,0,0,0,0,0
0.318998000,1,1,1,0,1,1,1,1,1,1,1,0
0.319076000,1,1,1,0,1,1,1,1,1,1,1,1
0.319576000,1,1,1,0,1,1,1,1,1,1,1,0
0.319993000,0,0,0,0,0,0,0,0,0,0,0,0
0.319998000,0,1,0,1,1,1,1,1,1,1,1,0
0.320076000,0,1,0,1,1,1,1,1,1,1,1,1
0.320576000,0,1,0,1,1,1,1,1,1,1,1,0
0.320993000,0,0,0,0,0,0,0,0,0,0,0,0
0.320998000,0,1,0,1,1,1,1,1,1,1,1,0
0.321076000,0,1,0,1,1,1,1,1,1,1,1,1
0.321576000,0,1,0,1,1,1,1,1,1,1,1,0
0.321993000,0,0,0,0,0,0,0,0,0,0,0,0
0.321998000,0,1,0,1,1,1,1,1,1,1,1,0
0.322076000,0,1,0,1,1,1,1,1,1,1,1,1
0.322576000,0,1,0,1,1,1,1,1,1,1,1,0
0.322993000,0,0,0,0,0,0,0,0,0,0,0,0
0.322998000,1,0,1,0,1,1,1,1,1,1,1,0
0.323076000,1,0,1,0,1,1,1,1,1,1,1,1
0.323576000,1,0,1,0,1,1,1,1,1,1,1,0
0.323993000,0,0,0,0,0,0,0,0,0,0,0,0
0.323997000,0,0,0,0,0,0,1,1,1,1,0,0
0.323998000,0,1,0,0,1,1,1,1,1,1,1,0
0.324076000,0,1,0,0,1,1,1,1,1,1,1,1
0.324576000,0,1,0,0,1,1,1,1,1,1,1,0
0.324993000,0,0,0,0,0,0,0,0,0,0,0,0
0.324997000,0,0,0,0,0,0,1,1,1,1,0,0
0.324998000,0,1,0,1,0,1,1,1,1,1,1,0
0.325076000,0,1,0,1,0,1,1,1,1,1,1,1
0.325576000,0,1,0,1,0,1,1,1,1,1,1,0
0.325993000,0,0,0,0,0,0,0,0,0,0,0,0
0.325997000,0,0,0,0,0,1,1,1,1,1,1,0
0.325998000,0,1,0,0,0,1,1,1,1,1,1,0
0.326076000,0,1,0,0,0,1,1,1,1,1,1,1
0.326576000,0,1,0,0,0,1,1,1,1,1,1,0
0.326993000,0,0,0,0,0,0,0,0,0,0,0,0
0.326997000,0,0,1,0,1,0,1,1,1,1,1,0
0.326998000,1,0,1,0,1,0,1,1,1,1,1,0
0.327076000,1,0,1,0,1,0,1,1,1,1,1,1
0.327576000,1,0,1,0,1,0,1,1,1,1,1,0
0.327993000,0,0,0,0,0,0,0,0,0,0,0,0
0.327997000,0,1,0,1,0,0,1,1,1,1,1,0
0.328076000,0,1,0,1,0,0,1,1,1,1,1,1
0.328576000,0,1,0,1,0,0,1,1,1,1,1,0
0.328993000,0,0,0,0,0,0,0,0,0,0,0,0
0.328997000,0,1,0,1,1,1,0,1,1,1,1,0
0.328998000,1,1,0,1,1,1,0,1,1,1,1,0
0.329076000,1,1,0,1,1,1,0,1,1,1,1,1
0.329576000,1,1,0,1,1,1,0,1,1,1,1,0
0.329993000,0,0,0,0,0,0,0,0,0,0,0,0
0.329997000,0,1,0,1,0,1,0,1,1,1,1,0
0.330076000,0,1,0,1,0,1,0,1,1,1,1,1
0.330576000,0,1,0,1,0,1,0,1,1,1,1,0
0.330993000,0,0,0,0,0,0,0,0,0,0,0,0
0.330997000,1,1,0,1,1,0,0,1,1,1,1,0
0.331076000,1,1,0,1,1,0,0,1,1,1,1,1
0.331576000,1,1,0,1,1,0,0,1,1,1,1,0
0.331993000,0,0,0,0,0,0,0,0,0,0,0,0
0.331997000,0,1,1,0,0,0,0,1,1,1,1,0
0.332076000,0,1,1,0,0,0,0,1,1,1,1,1
0.332576000,0,1,1,0,0,0,0,1,1,1,1,0
0.332993000,0,0,0,0,0,0,0,0,0,0,0,0
0.332997000,0,0,1,0,1,1,1,0,1,1,1,0
0.333076000,0,0,1,0,1,1,1,0,1,1,1,1
0.333576000,0,0,1,0,1,1,1,0,1,1,1,0
0.333993000,0,0,0,0,0,0,0,0,0,0,0,0
0.333997000,1,0,1,1,1,0,1,0,1,1,1,0
0.334076000,1,0,1,1,1,0,1,0,1,1,1,1
0.334576000,1,0,1,1,1,0,1,0,1,1,1,0
0.334993000,0,0,0,0,0,0,0,0,0,0,0,0
0.334997000,0,0,1,0,0,0,1,0,1,1,1,0
0.335076000,0,0,1,0,0,0,1,0,1,1,1,1
0.335576000,0,0,1,0,0,0,1,0,1,1,1,0
0.335993000,0,0,0,0,0,0,0,0,0,0,0,0
0.335997000,0,1,1,1,0,1,0,0,1,1,1,0
0.336076000,0,1,1,1,0,1,0,0,1,1,1,1
0.336576000,0,1,1,1,0,1,0,0,1,1,1,0
0.336992000,0,1,1,1,0,1,0,0,1,1,0,0
0.336993000,0,0,0,0,0,0,0,0,0,0,0,0
0.336997000,0,0,1,0,1,0,0,0,1,1,1,0
0.337076000,0,0,1,0,1,0,0,0,1,1,1,1
0.337576000,0,0,1,0,1,0,0,0,1,1,1,0
0.337992000,0,0,1,0,1,0,0,0,1,1,0,0
0.337993000,0,0,0,0,0,0,0,0,0,0,0,0
0.337997000,1,1,1,0,1,1,1,1,0,1,1,0
0.338076000,1,1,1,0,1,1,1,1,0,1,1,1
0.338576000,1,1,1,0,1,1,1,1,0,1,1,0
0.338992000,1,1,1,0,1,1,1,1,0,1,0,0
0.338993000,0,0,0,0,0,0,0,0,0,0,0,0
0.338997000,1,0,1,1,1,0,1,1,0,1,1,0
0.339076000,1,0,1,1,1,0,1,1,0,1,1,1
0.339576000,1,0,1,1,1,0,1,1,0,1,1,0
0.339992000,1,0,1,1,1,0,1,1,0,1,0,0
0.339993000,0,0,0,0,0,0,0,0,0,0,0,0
0.339997000,1,0,0,0,0,0,1,1,0,1,1,0
0.340076000,1,0,0,0,0,0,1,1,0,1,1,1
0.340576000,1,0,0,0,0,0,1,1,0,1,1,0
0.340992000,1,0,0,0,0,0,0,0,0,0,0,0
0.340993000,0,0,0,0,0,0,0,0,0,0,0,0
0.340997000,1,0,1,0,0,1,0,1,0,1,1,0
0.341076000,1,0,1,0,0,1,0,1,0,1,1,1
0.341576000,1,0,1,0,0,1,0,1,0,1,1,0
0.341992000,0,0,1,0,0,1,0,1,0,1,0,0
0.341993000,0,0,0,0,0,0,0,0,0,0,0,0
0.341997000,0,0,0,1,0,0,0,1,0,1,1,0
0.342076000,0,0,0,1,0,0,0,1,0,1,1,1
0.342576000,0,0,0,1,0,0,0,1,0,1,1,0
0.342992000,0,0,0,0,0,0,0,0,0,0,0,0
0.342997000,1,1,0,1,0,1,1,0,0,1,1,0
0.343076000,1,1,0,1,0,1,1,0,0,1,1,1
0.343576000,1,1,0,1,0,1,1,0,0,1,1,0
0.343992000,0,0,0,0,0,0,0,0,0,0,0,0
0.343997000,1,1,0,1,0,0,1,0,0,1,1,0
0.344076000,1,1,0,1,0,0,1,0,0,1,1,1
0.344576000,1,1,0,1,0,0,1,0,0,1,1,0
0.344992000,0,0,0,0,0,0,0,0,0,0,0,0
0.344997000,1,0,1,1,0,1,0,0,0,1,1,0
0.345076000,1,0,1,1,0,1,0,0,0,1,1,1
0.345576000,1,0,1,1,0,1,0,0,0,1,1,0
0.345992000,0,0,0,0,0,0,0,0,0,0,0,0
0.345997000,1,0,1,1,0,0,0,0,0,1,1,0
0.346076000,1,0,1,1,0,0,0,0,0,1,1,1
0.346576000,1,0,1,1,0,0,0,0,0,1,1,0
0.346992000,0,0,0,0,0,0,0,0,0,0,0,0
0.346997000,0,1,1,1,0,1,1,1,1,0,1,0
0.347076000,0,1,1,1,0,1,1,1,1,0,1,1
0.347576000,0,1,1,1,0,1,1,1,1,0,1,0
0.347992000,0,0,0,0,0,0,0,0,0,0,0,0
0.347997000,0,1,0,0,1,0,1,1,1,0,1,0
0.348076000,0,1,0,0,1,0,1,1,1,0,1,1
0.348576000,0,1,0,0,1,0,1,1,1,0,1,0
0.348769000,0,1,0,0,1,0,1,1,1,0,1,0
